dia,bloque,hora,B01,C01,307,A01,B12,C12,Actos,A22,A12,C22,B23,Hall,312,301,303,A21,Piso,501,601,B11,115,B21,31,305,B22,311,102,A11,C11,C21,502,703,705,725,727,309,310,722,116
1,1,8.0,22,22,V,V,V,V,V,22,V,64,V,V,V,V,222,V,79,V,208,V,V,3,V,222,273,274,V,111,3,273,62,284,111,V,134,99,62,273,273
1,2,8.5,22,22,V,V,V,V,V,22,V,64,V,V,V,V,222,V,79,V,208,V,V,3,V,222,273,274,V,111,3,273,62,284,111,V,134,99,62,273,273
1,3,9.0,22,22,V,V,V,V,V,22,V,64,V,V,V,V,222,V,79,V,208,V,V,3,V,222,273,274,V,111,3,273,62,284,111,V,134,99,62,273,273
1,4,9.5,22,22,V,V,V,V,V,22,V,64,V,V,V,V,222,V,79,V,208,V,V,3,V,222,273,274,V,111,3,273,62,284,111,V,134,99,62,273,273
1,5,10.0,22,22,V,V,V,V,V,22,V,64,V,V,V,V,222,V,79,V,208,V,V,3,V,222,273,274,V,111,3,273,62,284,111,V,134,99,62,273,273
1,6,10.5,22,22,V,V,V,V,V,22,V,64,V,V,V,V,222,V,79,V,208,V,V,278,V,222,273,274,V,111,V,273,62,284,111,V,134,99,62,273,273
1,7,11.0,23,23,V,V,V,V,V,V,V,64,V,V,V,V,222,V,V,V,V,V,V,278,V,222,273,274,V,111,V,273,23,284,111,V,134,99,V,273,273
1,8,11.5,23,23,V,V,V,V,V,V,V,64,V,V,V,V,222,V,V,V,V,V,V,278,V,222,273,274,V,111,V,273,23,284,111,V,134,99,V,273,273
1,9,12.0,23,23,V,V,V,V,V,V,V,82,V,V,V,V,V,V,V,V,V,V,V,278,V,V,82,V,V,111,V,184,23,V,111,V,271,V,271,184,82
1,10,12.5,23,23,V,V,V,V,V,V,V,82,V,V,V,V,V,V,V,V,V,V,V,278,V,V,82,V,V,111,V,184,23,V,111,V,271,V,271,184,82
1,11,13.0,23,23,V,V,V,V,V,V,V,82,V,V,V,V,V,V,V,V,V,V,V,278,V,V,82,V,V,111,V,184,23,V,111,V,271,V,271,184,82
1,12,13.5,23,23,V,V,V,V,V,V,V,82,V,V,V,V,V,V,V,V,V,V,V,V,V,V,82,V,V,V,V,184,23,V,71,V,271,V,271,184,82
1,13,14.0,23,23,V,V,V,V,V,V,V,82,V,V,V,V,V,V,V,V,V,V,V,V,V,V,82,V,V,V,V,184,23,V,71,V,271,V,271,184,82
1,14,14.5,23,23,V,V,V,V,V,V,V,82,V,V,V,V,V,V,V,V,V,V,V,V,V,V,82,V,V,V,V,184,23,V,71,V,271,V,271,184,82
1,15,15.0,78,78,V,V,V,V,V,V,V,82,V,V,V,V,V,V,V,V,V,V,V,V,V,V,82,V,V,V,V,184,V,V,71,V,271,V,271,184,82
1,16,15.5,78,78,V,V,V,V,V,V,V,82,V,V,V,V,V,V,V,V,V,V,V,V,V,V,82,V,V,V,V,184,V,V,71,V,271,V,271,184,82
1,17,16.0,78,78,V,V,V,V,V,V,V,V,V,V,V,V,V,V,V,V,V,V,V,V,V,V,114,V,V,V,V,113,V,V,71,V,V,195,182,195,195
1,18,16.5,78,78,V,V,V,V,V,V,V,V,V,V,V,V,V,V,V,V,V,V,V,V,V,V,114,V,V,V,V,113,V,V,71,V,V,195,182,195,195
1,19,17.0,78,78,V,V,V,V,V,V,V,V,V,V,V,V,V,V,V,V,V,V,V,V,V,V,114,V,V,V,V,113,V,V,71,V,V,195,182,195,195
1,20,17.5,78,78,V,V,V,V,V,V,V,V,V,V,V,V,V,V,V,V,V,V,V,V,V,V,114,V,V,V,V,113,V,V,V,V,V,195,182,195,195
1,21,18.0,12,V,V,V,V,V,V,V,V,V,V,V,V,V,V,V,V,V,V,V,V,V,V,V,114,V,V,V,V,113,12,V,V,V,12,195,182,195,195
1,22,18.5,12,V,V,V,V,V,V,V,V,V,V,V,V,V,V,V,V,V,V,V,V,V,V,V,114,V,V,V,V,113,12,V,V,V,12,195,182,195,195
1,23,19.0,12,V,V,V,V,V,V,V,V,V,V,V,V,V,V,V,V,V,V,V,V,V,V,V,114,V,V,V,V,113,12,V,V,V,12,195,182,195,195
1,24,19.5,12,V,V,V,V,V,V,V,V,V,V,V,V,V,V,V,V,V,V,V,V,V,V,V,114,V,V,V,V,113,12,V,V,V,12,195,182,195,195
1,25,20.0,12,V,V,V,V,V,V,V,V,V,V,V,V,V,V,V,V,V,V,V,V,V,V,V,V,V,V,V,V,V,12,V,V,V,12,V,V,V,V
1,26,20.5,12,V,V,V,V,V,V,V,V,V,V,V,V,V,V,V,V,V,V,V,V,V,V,V,V,V,V,V,V,V,12,V,V,V,12,V,V,V,V
2,1,8.0,V,V,V,V,V,V,V,V,V,V,V,V,202,V,V,V,V,V,V,V,68,V,V,V,V,V,V,V,V,127,18,V,270,68,V,V,18,98,68
2,2,8.5,V,V,V,V,V,V,V,V,V,V,V,V,202,V,V,V,V,V,V,V,68,V,V,V,V,V,V,V,V,127,18,V,270,68,V,V,18,98,68
2,3,9.0,V,V,V,V,V,V,V,V,V,V,V,V,202,V,V,V,V,V,V,V,68,V,V,V,V,V,V,V,V,127,18,V,270,68,V,V,18,98,68
2,4,9.5,V,V,V,V,V,V,V,V,V,V,V,V,202,V,V,V,V,V,V,V,68,V,V,V,V,V,V,V,V,V,18,V,270,68,V,V,18,98,68
2,5,10.0,V,V,V,V,V,V,V,V,V,V,V,V,202,V,V,V,V,V,V,V,68,V,V,V,V,V,V,V,V,V,18,V,270,68,V,V,18,98,68
2,6,10.5,V,V,V,V,V,V,V,V,V,V,V,V,202,V,V,V,V,V,V,V,68,V,V,V,V,V,V,V,V,V,18,V,270,68,V,V,18,98,68
2,7,11.0,V,V,V,V,V,V,V,V,V,V,V,V,V,V,V,V,V,V,V,V,68,V,V,V,V,V,V,V,V,V,18,V,270,68,V,V,18,98,68
2,8,11.5,V,V,V,V,V,V,V,V,V,V,V,V,V,V,V,V,V,V,V,V,68,V,V,V,V,V,V,V,V,V,18,V,270,68,V,V,18,98,68
2,9,12.0,V,V,V,V,V,V,V,V,V,V,V,V,V,V,V,V,V,V,V,V,V,V,V,V,V,V,V,V,V,V,V,V,V,V,129,V,109,266,129
2,10,12.5,V,V,V,V,V,V,V,V,V,V,V,V,V,V,V,V,V,V,V,V,V,V,V,V,V,V,V,V,V,V,V,V,V,V,129,V,109,266,129
2,11,13.0,V,V,V,V,V,V,V,V,V,V,V,V,V,V,V,V,V,V,V,V,V,V,V,V,V,V,V,V,V,V,V,V,V,V,129,V,109,266,129
2,12,13.5,V,V,V,V,V,V,V,V,V,V,V,V,V,V,V,V,V,V,V,V,V,V,V,V,V,V,V,V,V,V,V,V,V,V,129,V,109,266,129
2,13,14.0,V,V,V,V,V,V,V,V,V,V,V,V,V,V,V,V,V,V,V,V,V,V,V,V,V,V,V,V,V,V,V,V,V,V,129,V,109,266,129
2,14,14.5,V,V,V,V,V,V,V,V,V,V,V,V,V,V,V,V,V,V,V,V,V,V,V,V,V,V,V,V,V,V,V,V,V,V,129,V,109,266,129
2,15,15.0,V,V,V,V,V,V,V,V,V,V,V,V,V,V,V,V,V,V,V,V,V,V,V,V,V,V,V,V,V,V,V,V,V,V,129,V,109,266,129
2,16,15.5,V,V,V,V,V,V,V,V,V,V,V,V,V,V,V,V,V,V,V,V,V,V,V,V,V,V,V,V,V,V,V,V,V,V,129,V,V,266,129
2,17,16.0,V,V,V,V,V,V,V,V,V,V,V,V,V,V,V,V,V,V,V,V,V,V,V,V,V,V,V,V,V,V,V,V,147,V,148,V,148,204,147
2,18,16.5,V,V,V,V,V,V,V,V,V,V,V,V,V,V,V,V,V,V,V,V,V,V,V,V,V,V,V,V,V,V,V,V,147,V,148,V,148,204,147
2,19,17.0,V,V,V,V,V,V,V,V,V,V,V,V,V,V,V,V,V,V,V,V,V,V,V,V,V,V,V,V,V,V,V,V,147,V,148,V,148,204,147
2,20,17.5,V,V,V,V,V,V,V,V,V,V,V,V,V,V,V,V,V,V,V,V,V,V,V,V,V,V,V,V,V,V,V,V,147,V,148,V,148,204,147
2,21,18.0,V,V,V,V,V,V,V,V,V,V,V,V,V,V,V,V,V,V,V,V,V,V,V,V,V,V,V,V,V,V,V,V,147,V,148,V,148,203,147
2,22,18.5,V,V,V,V,V,V,V,V,V,V,V,V,V,V,V,V,V,V,V,V,V,V,V,V,V,V,V,V,V,V,V,V,147,V,148,V,148,203,147
2,23,19.0,V,V,V,V,V,V,V,V,V,V,V,V,V,V,V,V,V,V,V,V,V,V,V,V,V,V,V,V,V,V,V,V,147,V,V,V,V,203,147
2,24,19.5,V,V,V,V,V,V,V,V,V,V,V,V,V,V,V,V,V,V,V,V,V,V,V,V,V,V,V,V,V,V,V,V,147,V,V,V,V,V,147
2,25,20.0,V,V,V,V,V,V,V,V,V,V,V,V,V,V,V,V,V,V,V,V,V,V,V,V,V,V,V,V,V,V,V,V,V,V,V,V,V,V,V
2,26,20.5,V,V,V,V,V,V,V,V,V,V,V,V,V,V,V,V,V,V,V,V,V,V,V,V,V,V,V,V,V,V,V,V,V,V,V,V,V,V,V
3,1,8.0,97,97,V,V,V,V,V,V,V,V,V,V,V,V,V,142,V,V,V,V,V,10,V,69,V,V,V,V,V,V,V,V,V,50,231,231,16,10,50
3,2,8.5,97,97,V,V,V,V,V,V,V,V,V,V,V,V,V,142,V,V,V,V,V,10,V,69,V,V,V,V,V,V,V,V,V,50,231,231,16,10,50
3,3,9.0,97,97,V,V,V,V,V,V,V,V,V,V,V,V,V,142,V,V,V,V,V,10,V,69,V,V,V,V,V,V,V,V,V,50,231,231,16,10,50
3,4,9.5,97,97,V,V,V,V,V,V,V,V,V,V,V,V,V,142,V,V,V,V,V,10,V,69,V,V,V,V,V,V,V,V,V,50,231,231,16,10,50
3,5,10.0,97,97,V,V,V,V,V,V,V,V,V,V,V,V,V,142,V,V,V,V,V,10,V,69,V,V,V,V,V,V,V,V,V,50,231,231,16,10,50
3,6,10.5,97,97,V,V,V,V,V,V,V,V,V,V,V,V,V,142,V,V,V,V,V,10,V,69,V,V,V,V,V,V,V,V,V,50,231,231,16,10,50
3,7,11.0,97,97,V,V,V,V,V,V,V,V,V,V,V,V,V,142,V,V,V,V,V,10,V,V,V,V,V,V,V,V,V,V,V,50,231,231,16,10,50
3,8,11.5,V,V,V,V,V,V,V,V,V,V,V,V,V,V,V,142,V,V,V,V,V,10,V,V,V,V,V,V,V,V,V,V,V,50,231,231,16,10,50
3,9,12.0,V,V,V,V,V,V,V,V,V,V,V,V,V,V,V,V,V,V,V,V,V,V,V,V,V,V,V,V,V,V,V,V,V,35,V,28,210,28,100
3,10,12.5,V,V,V,V,V,V,V,V,V,V,V,V,V,V,V,V,V,V,V,V,V,V,V,V,V,V,V,V,V,V,V,V,V,35,V,28,210,28,100
3,11,13.0,V,V,V,V,V,V,V,V,V,V,V,V,V,V,V,V,V,V,V,V,V,V,V,V,V,V,V,V,V,V,V,V,V,35,V,28,210,28,100
3,12,13.5,V,V,V,V,V,V,V,V,V,V,V,V,V,V,V,V,V,V,V,V,V,V,V,V,V,V,V,V,V,V,V,V,V,35,V,28,210,28,100
3,13,14.0,V,V,V,V,V,V,V,V,V,V,V,V,V,V,V,V,V,V,V,V,V,V,V,V,V,V,V,V,V,V,V,V,V,35,V,28,210,28,100
3,14,14.5,V,V,V,V,V,V,V,V,V,V,V,V,V,V,V,V,V,V,V,V,V,V,V,V,V,V,V,V,V,V,V,V,V,35,V,28,210,28,100
3,15,15.0,V,V,V,V,V,V,V,V,V,V,V,V,V,V,V,V,V,V,V,V,V,V,V,V,V,V,V,V,V,V,V,V,V,35,V,28,V,28,100
3,16,15.5,V,V,V,V,V,V,V,V,V,V,V,V,V,V,V,V,V,V,V,V,V,V,V,V,V,V,V,V,V,V,V,V,V,V,V,28,V,28,100
3,17,16.0,V,V,V,V,V,V,V,V,V,V,V,V,V,V,V,V,V,V,V,V,V,V,V,V,V,V,V,V,V,V,V,V,V,V,V,112,V,119,119
3,18,16.5,V,V,V,V,V,V,V,V,V,V,V,V,V,V,V,V,V,V,V,V,V,V,V,V,V,V,V,V,V,V,V,V,V,V,V,112,V,119,119
3,19,17.0,V,V,V,V,V,V,V,V,V,V,V,V,V,V,V,V,V,V,V,V,V,V,V,V,V,V,V,V,V,V,V,V,V,V,V,112,V,119,119
3,20,17.5,V,V,V,V,V,V,V,V,V,V,V,V,V,V,V,V,V,V,V,V,V,V,V,V,V,V,V,V,V,V,V,V,V,V,V,112,V,119,119
3,21,18.0,V,V,V,V,V,V,V,V,V,V,V,V,V,V,V,V,V,V,V,V,V,V,V,V,V,V,V,V,V,V,V,V,V,V,V,112,V,119,119
3,22,18.5,V,V,V,V,V,V,V,V,V,V,V,V,V,V,V,V,V,V,V,V,V,V,V,V,V,V,V,V,V,V,V,V,V,V,V,112,V,119,119
3,23,19.0,V,V,V,V,V,V,V,V,V,V,V,V,V,V,V,V,V,V,V,V,V,V,V,V,V,V,V,V,V,V,V,V,V,V,V,112,V,119,119
3,24,19.5,V,V,V,V,V,V,V,V,V,V,V,V,V,V,V,V,V,V,V,V,V,V,V,V,V,V,V,V,V,V,V,V,V,V,V,112,V,119,119
3,25,20.0,V,V,V,V,V,V,V,V,V,V,V,V,V,V,V,V,V,V,V,V,V,V,V,V,V,V,V,V,V,V,V,V,V,V,V,V,V,V,V
3,26,20.5,V,V,V,V,V,V,V,V,V,V,V,V,V,V,V,V,V,V,V,V,V,V,V,V,V,V,V,V,V,V,V,V,V,V,V,V,V,V,V
4,1,8.0,29,123,191,265,V,V,V,V,V,V,V,V,V,V,V,V,V,V,V,V,V,V,V,V,V,94,V,V,249,37,V,94,V,V,V,V,V,227,249
4,2,8.5,29,123,191,265,V,V,V,V,V,V,V,V,V,V,V,V,V,V,V,V,V,V,V,V,V,94,V,V,249,37,V,94,V,V,V,V,V,227,249
4,3,9.0,29,123,191,265,V,V,V,V,V,V,V,V,V,V,V,V,V,V,V,V,V,V,V,V,V,94,V,V,249,37,V,94,V,V,V,V,V,227,249
4,4,9.5,29,123,191,265,V,V,V,V,V,V,V,V,V,V,V,V,V,V,V,V,V,V,V,V,V,94,V,V,249,37,V,94,V,V,V,V,V,227,249
4,5,10.0,29,123,191,265,V,V,V,V,V,V,V,V,V,V,V,V,V,V,V,V,V,V,V,V,V,94,V,V,249,37,V,94,V,V,V,V,V,227,249
4,6,10.5,29,123,191,265,V,V,V,V,V,V,V,V,V,V,V,V,V,V,V,V,V,V,V,V,V,94,V,V,249,37,V,94,V,V,V,V,V,227,249
4,7,11.0,29,123,191,265,V,V,V,V,V,V,V,V,V,V,V,V,V,V,V,V,V,V,V,V,V,94,V,V,249,V,V,94,V,V,V,V,V,227,249
4,8,11.5,29,123,191,265,V,V,V,V,V,V,V,V,V,V,V,V,V,V,V,V,V,V,V,V,V,94,V,V,249,V,V,94,V,V,V,V,V,227,249
4,9,12.0,V,V,V,V,V,V,V,V,V,V,V,V,V,V,V,V,V,V,V,V,V,V,V,V,V,V,V,V,V,V,V,V,V,V,V,V,V,126,126
4,10,12.5,V,V,V,V,V,V,V,V,V,V,V,V,V,V,V,V,V,V,V,V,V,V,V,V,V,V,V,V,V,V,V,V,V,V,V,V,V,126,126
4,11,13.0,V,V,V,V,V,V,V,V,V,V,V,V,V,V,V,V,V,V,V,V,V,V,V,V,V,V,V,V,V,V,V,V,V,V,V,V,V,126,126
4,12,13.5,V,V,V,V,V,V,V,V,V,V,V,V,V,V,V,V,V,V,V,V,V,V,V,V,V,V,V,V,V,V,V,V,V,V,V,V,V,V,70
4,13,14.0,V,V,V,V,V,V,V,V,V,V,V,V,V,V,V,V,V,V,V,V,V,V,V,V,V,V,V,V,V,V,V,V,V,V,V,V,V,V,70
4,14,14.5,V,V,V,V,V,V,V,V,V,V,V,V,V,V,V,V,V,V,V,V,V,V,V,V,V,V,V,V,V,V,V,V,V,V,V,V,V,V,70
4,15,15.0,V,V,V,V,V,V,V,V,V,V,V,V,V,V,V,V,V,V,V,V,V,V,V,V,V,V,V,V,V,V,V,V,V,V,V,V,V,V,70
4,16,15.5,V,V,V,V,V,V,V,V,V,V,V,V,V,V,V,V,V,V,V,V,V,V,V,V,V,V,V,V,V,V,V,V,V,V,V,V,V,V,70
4,17,16.0,V,V,V,V,V,V,V,V,V,V,V,V,V,V,V,V,V,V,V,V,V,V,V,V,V,V,V,V,V,V,V,V,V,V,V,V,V,V,70
4,18,16.5,V,V,V,V,V,V,V,V,V,V,V,V,V,V,V,V,V,V,V,V,V,V,V,V,V,V,V,V,V,V,V,V,V,V,V,V,V,V,70
4,19,17.0,V,V,V,V,V,V,V,V,V,V,V,V,V,V,V,V,V,V,V,V,V,V,V,V,V,V,V,V,V,V,V,V,V,V,V,V,V,V,70
4,20,17.5,V,V,V,V,V,V,V,V,V,V,V,V,V,V,V,V,V,V,V,V,V,V,V,V,V,V,V,V,V,V,V,V,V,V,V,V,V,V,36
4,21,18.0,V,V,V,V,V,V,V,V,V,V,V,V,V,V,V,V,V,V,V,V,V,V,V,V,V,V,V,V,V,V,V,V,V,V,V,V,V,V,36
4,22,18.5,V,V,V,V,V,V,V,V,V,V,V,V,V,V,V,V,V,V,V,V,V,V,V,V,V,V,V,V,V,V,V,V,V,V,V,V,V,V,36
4,23,19.0,V,V,V,V,V,V,V,V,V,V,V,V,V,V,V,V,V,V,V,V,V,V,V,V,V,V,V,V,V,V,V,V,V,V,V,V,V,V,36
4,24,19.5,V,V,V,V,V,V,V,V,V,V,V,V,V,V,V,V,V,V,V,V,V,V,V,V,V,V,V,V,V,V,V,V,V,V,V,V,V,V,36
4,25,20.0,V,V,V,V,V,V,V,V,V,V,V,V,V,V,V,V,V,V,V,V,V,V,V,V,V,V,V,V,V,V,V,V,V,V,V,V,V,V,36
4,26,20.5,V,V,V,V,V,V,V,V,V,V,V,V,V,V,V,V,V,V,V,V,V,V,V,V,V,V,V,V,V,V,V,V,V,V,V,V,V,V,36
5,1,8.0,42,17,188,196,30,130,V,V,188,V,V,V,V,V,V,V,V,V,V,V,V,V,V,V,V,V,V,V,V,V,V,V,V,V,V,282,V,V,42
5,2,8.5,42,17,188,196,30,130,V,V,188,V,V,V,V,V,V,V,V,V,V,V,V,V,V,V,V,V,V,V,V,V,V,V,V,V,V,282,V,V,42
5,3,9.0,42,17,188,196,30,130,V,V,188,V,V,V,V,V,V,V,V,V,V,V,V,V,V,V,V,V,V,V,V,V,V,V,V,V,V,282,V,V,42
5,4,9.5,42,17,188,196,30,130,V,V,188,V,V,V,V,V,V,V,V,V,V,V,V,V,V,V,V,V,V,V,V,V,V,V,V,V,V,282,V,V,42
5,5,10.0,42,17,188,196,30,130,V,V,188,V,V,V,V,V,V,V,V,V,V,V,V,V,V,V,V,V,V,V,V,V,V,V,V,V,V,282,V,V,42
5,6,10.5,42,17,188,196,30,130,V,V,188,V,V,V,V,V,V,V,V,V,V,V,V,V,V,V,V,V,V,V,V,V,V,V,V,V,V,282,V,V,42
5,7,11.0,42,17,V,196,30,130,V,V,V,V,V,V,V,V,V,V,V,V,V,V,V,V,V,V,V,V,V,V,V,V,V,V,V,V,V,282,V,V,42
5,8,11.5,42,17,V,196,30,130,V,V,V,V,V,V,V,V,V,V,V,V,V,V,V,V,V,V,V,V,V,V,V,V,V,V,V,V,V,282,V,V,42
5,9,12.0,V,V,V,V,V,V,V,V,V,V,V,V,V,V,V,V,V,V,V,V,V,V,V,V,V,V,V,V,V,V,V,V,V,V,V,V,V,V,4
5,10,12.5,V,V,V,V,V,V,V,V,V,V,V,V,V,V,V,V,V,V,V,V,V,V,V,V,V,V,V,V,V,V,V,V,V,V,V,V,V,V,4
5,11,13.0,V,V,V,V,V,V,V,V,V,V,V,V,V,V,V,V,V,V,V,V,V,V,V,V,V,V,V,V,V,V,V,V,V,V,V,V,V,V,4
5,12,13.5,V,V,V,V,V,V,V,V,V,V,V,V,V,V,V,V,V,V,V,V,V,V,V,V,V,V,V,V,V,V,V,V,V,V,V,V,V,V,4
5,13,14.0,V,V,V,V,V,V,V,V,V,V,V,V,V,V,V,V,V,V,V,V,V,V,V,V,V,V,V,V,V,V,V,V,V,V,V,V,V,V,4
5,14,14.5,V,V,V,V,V,V,V,V,V,V,V,V,V,V,V,V,V,V,V,V,V,V,V,V,V,V,V,V,V,V,V,V,V,V,V,V,V,V,4
5,15,15.0,V,V,V,V,V,V,V,V,V,V,V,V,V,V,V,V,V,V,V,V,V,V,V,V,V,V,V,V,V,V,V,V,V,V,V,V,V,V,4
5,16,15.5,V,V,V,V,V,V,V,V,V,V,V,V,V,V,V,V,V,V,V,V,V,V,V,V,V,V,V,V,V,V,V,V,V,V,V,V,V,V,4
5,17,16.0,V,V,V,V,V,V,V,V,V,V,V,V,V,V,V,V,V,V,V,V,V,V,V,V,V,V,V,V,V,V,V,V,V,V,V,V,V,V,156
5,18,16.5,V,V,V,V,V,V,V,V,V,V,V,V,V,V,V,V,V,V,V,V,V,V,V,V,V,V,V,V,V,V,V,V,V,V,V,V,V,V,156
5,19,17.0,V,V,V,V,V,V,V,V,V,V,V,V,V,V,V,V,V,V,V,V,V,V,V,V,V,V,V,V,V,V,V,V,V,V,V,V,V,V,156
5,20,17.5,V,V,V,V,V,V,V,V,V,V,V,V,V,V,V,V,V,V,V,V,V,V,V,V,V,V,V,V,V,V,V,V,V,V,V,V,V,V,156
5,21,18.0,V,V,V,V,V,V,V,V,V,V,V,V,V,V,V,V,V,V,V,V,V,V,V,V,V,V,V,V,V,V,V,V,V,V,V,V,V,V,156
5,22,18.5,V,V,V,V,V,V,V,V,V,V,V,V,V,V,V,V,V,V,V,V,V,V,V,V,V,V,V,V,V,V,V,V,V,V,V,V,V,V,156
5,23,19.0,V,V,V,V,V,V,V,V,V,V,V,V,V,V,V,V,V,V,V,V,V,V,V,V,V,V,V,V,V,V,V,V,V,V,V,V,V,V,156
5,24,19.5,V,V,V,V,V,V,V,V,V,V,V,V,V,V,V,V,V,V,V,V,V,V,V,V,V,V,V,V,V,V,V,V,V,V,V,V,V,V,156
5,25,20.0,V,V,V,V,V,V,V,V,V,V,V,V,V,V,V,V,V,V,V,V,V,V,V,V,V,V,V,V,V,V,V,V,V,V,V,V,V,V,V
5,26,20.5,V,V,V,V,V,V,V,V,V,V,V,V,V,V,V,V,V,V,V,V,V,V,V,V,V,V,V,V,V,V,V,V,V,V,V,V,V,V,V
6,1,8.0,V,V,V,V,V,V,V,V,V,V,V,V,181,V,V,V,V,49,V,V,V,181,V,V,V,V,V,V,V,V,V,V,V,V,49,V,234,V,49
6,2,8.5,V,V,V,V,V,V,V,V,V,V,V,V,181,V,V,V,V,49,V,V,V,181,V,V,V,V,V,V,V,V,V,V,V,V,49,V,234,V,49
6,3,9.0,V,V,V,V,V,V,V,V,V,V,V,V,181,V,V,V,V,49,V,V,V,181,V,V,V,V,V,V,V,V,V,V,V,V,49,V,234,V,49
6,4,9.5,V,V,V,V,V,V,V,V,V,V,V,V,181,V,V,V,V,49,V,V,V,181,V,V,V,V,V,V,V,V,V,V,V,V,49,V,234,V,49
6,5,10.0,V,V,V,V,V,V,V,V,V,V,V,V,181,V,V,V,V,49,V,V,V,181,V,V,V,V,V,V,V,V,V,V,V,V,49,V,234,V,49
6,6,10.5,V,V,V,V,V,V,V,V,V,V,V,V,181,V,V,V,V,49,V,V,V,181,V,V,V,V,V,V,V,V,V,V,V,V,49,V,234,V,49
6,7,11.0,V,V,V,V,V,V,V,V,V,V,V,V,181,V,V,V,V,49,V,V,V,181,V,V,V,V,V,V,V,V,V,V,V,V,49,V,234,V,49
6,8,11.5,V,V,V,V,V,V,V,V,V,V,V,V,181,V,V,V,V,49,V,V,V,181,V,V,V,V,V,V,V,V,V,V,V,V,49,V,234,V,49
6,9,12.0,V,V,V,V,V,V,V,V,V,V,V,V,167,V,V,V,V,V,V,V,V,167,V,V,V,V,V,V,V,V,V,187,V,V,V,V,V,V,187
6,10,12.5,V,V,V,V,V,V,V,V,V,V,V,V,167,V,V,V,V,V,V,V,V,167,V,V,V,V,V,V,V,V,V,187,V,V,V,V,V,V,187
6,11,13.0,V,V,V,V,V,V,V,V,V,V,V,V,167,V,V,V,V,V,V,V,V,167,V,V,V,V,V,V,V,V,V,187,V,V,V,V,V,V,187
6,12,13.5,V,V,V,V,V,V,V,V,V,V,V,V,167,V,V,V,V,V,V,V,V,167,V,V,V,V,V,V,V,V,V,187,V,V,V,V,V,V,187
6,13,14.0,V,V,V,V,V,V,V,V,V,V,V,V,167,V,V,V,V,V,V,V,V,167,V,V,V,V,V,V,V,V,V,187,V,V,V,V,V,V,187
6,14,14.5,V,V,V,V,V,V,V,V,V,V,V,V,167,V,V,V,V,V,V,V,V,167,V,V,V,V,V,V,V,V,V,187,V,V,V,V,V,V,187
6,15,15.0,V,V,V,V,V,V,V,V,V,V,V,V,167,V,V,V,V,V,V,V,V,167,V,V,V,V,V,V,V,V,V,187,V,V,V,V,V,V,187
6,16,15.5,V,V,V,V,V,V,V,V,V,V,V,V,167,V,V,V,V,V,V,V,V,167,V,V,V,V,V,V,V,V,V,187,V,V,V,V,V,V,187
6,17,16.0,V,V,V,V,V,V,V,V,V,V,V,V,V,V,V,V,V,V,V,V,V,V,V,V,V,V,V,V,V,V,V,V,V,V,V,V,V,V,211
6,18,16.5,V,V,V,V,V,V,V,V,V,V,V,V,V,V,V,V,V,V,V,V,V,V,V,V,V,V,V,V,V,V,V,V,V,V,V,V,V,V,211
6,19,17.0,V,V,V,V,V,V,V,V,V,V,V,V,V,V,V,V,V,V,V,V,V,V,V,V,V,V,V,V,V,V,V,V,V,V,V,V,V,V,211
6,20,17.5,V,V,V,V,V,V,V,V,V,V,V,V,V,V,V,V,V,V,V,V,V,V,V,V,V,V,V,V,V,V,V,V,V,V,V,V,V,V,211
6,21,18.0,V,V,V,V,V,V,V,V,V,V,V,V,V,V,V,V,V,V,V,V,V,V,V,V,V,V,V,V,V,V,V,V,V,V,V,V,V,V,211
6,22,18.5,V,V,V,V,V,V,V,V,V,V,V,V,V,V,V,V,V,V,V,V,V,V,V,V,V,V,V,V,V,V,V,V,V,V,V,V,V,V,211
6,23,19.0,V,V,V,V,V,V,V,V,V,V,V,V,V,V,V,V,V,V,V,V,V,V,V,V,V,V,V,V,V,V,V,V,V,V,V,V,V,V,211
6,24,19.5,V,V,V,V,V,V,V,V,V,V,V,V,V,V,V,V,V,V,V,V,V,V,V,V,V,V,V,V,V,V,V,V,V,V,V,V,V,V,211
6,25,20.0,V,V,V,V,V,V,V,V,V,V,V,V,V,V,V,V,V,V,V,V,V,V,V,V,V,V,V,V,V,V,V,V,V,V,V,V,V,V,V
6,26,20.5,V,V,V,V,V,V,V,V,V,V,V,V,V,V,V,V,V,V,V,V,V,V,V,V,V,V,V,V,V,V,V,V,V,V,V,V,V,V,V
7,1,8.0,25,86,105,155,212,58,V,V,V,V,V,V,V,V,V,V,V,V,V,V,V,V,V,V,V,V,V,101,V,V,V,V,V,V,V,V,253,V,101
7,2,8.5,25,86,105,155,212,58,V,V,V,V,V,V,V,V,V,V,V,V,V,V,V,V,V,V,V,V,V,101,V,V,V,V,V,V,V,V,253,V,101
7,3,9.0,25,86,105,155,212,58,V,V,V,V,V,V,V,V,V,V,V,V,V,V,V,V,V,V,V,V,V,101,V,V,V,V,V,V,V,V,253,V,101
7,4,9.5,25,86,105,155,212,58,V,V,V,V,V,V,V,V,V,V,V,V,V,V,V,V,V,V,V,V,V,101,V,V,V,V,V,V,V,V,253,V,101
7,5,10.0,25,86,105,155,212,58,V,V,V,V,V,V,V,V,V,V,V,V,V,V,V,V,V,V,V,V,V,101,V,V,V,V,V,V,V,V,253,V,101
7,6,10.5,25,86,105,155,212,58,V,V,V,V,V,V,V,V,V,V,V,V,V,V,V,V,V,V,V,V,V,101,V,V,V,V,V,V,V,V,253,V,101
7,7,11.0,25,86,105,155,212,V,V,V,V,V,V,V,V,V,V,V,V,V,V,V,V,V,V,V,V,V,V,101,V,V,V,V,V,V,V,V,253,V,101
7,8,11.5,25,86,105,155,212,V,V,V,V,V,V,V,V,V,V,V,V,V,V,V,V,V,V,V,V,V,V,101,V,V,V,V,V,V,V,V,253,V,101
7,9,12.0,V,V,V,V,V,V,V,V,V,V,V,V,V,V,V,V,V,V,V,V,V,V,V,V,V,V,V,V,V,V,V,V,V,V,V,V,V,V,5
7,10,12.5,V,V,V,V,V,V,V,V,V,V,V,V,V,V,V,V,V,V,V,V,V,V,V,V,V,V,V,V,V,V,V,V,V,V,V,V,V,V,5
7,11,13.0,V,V,V,V,V,V,V,V,V,V,V,V,V,V,V,V,V,V,V,V,V,V,V,V,V,V,V,V,V,V,V,V,V,V,V,V,V,V,5
7,12,13.5,V,V,V,V,V,V,V,V,V,V,V,V,V,V,V,V,V,V,V,V,V,V,V,V,V,V,V,V,V,V,V,V,V,V,V,V,V,V,5
7,13,14.0,V,V,V,V,V,V,V,V,V,V,V,V,V,V,V,V,V,V,V,V,V,V,V,V,V,V,V,V,V,V,V,V,V,V,V,V,V,V,5
7,14,14.5,V,V,V,V,V,V,V,V,V,V,V,V,V,V,V,V,V,V,V,V,V,V,V,V,V,V,V,V,V,V,V,V,V,V,V,V,V,V,5
7,15,15.0,V,V,V,V,V,V,V,V,V,V,V,V,V,V,V,V,V,V,V,V,V,V,V,V,V,V,V,V,V,V,V,V,V,V,V,V,V,V,5
7,16,15.5,V,V,V,V,V,V,V,V,V,V,V,V,V,V,V,V,V,V,V,V,V,V,V,V,V,V,V,V,V,V,V,V,V,V,V,V,V,V,5
7,17,16.0,V,V,V,V,V,V,V,V,V,V,V,V,V,V,V,V,V,V,V,V,V,V,V,V,V,V,V,V,V,V,V,V,V,V,V,V,V,V,120
7,18,16.5,V,V,V,V,V,V,V,V,V,V,V,V,V,V,V,V,V,V,V,V,V,V,V,V,V,V,V,V,V,V,V,V,V,V,V,V,V,V,120
7,19,17.0,V,V,V,V,V,V,V,V,V,V,V,V,V,V,V,V,V,V,V,V,V,V,V,V,V,V,V,V,V,V,V,V,V,V,V,V,V,V,120
7,20,17.5,V,V,V,V,V,V,V,V,V,V,V,V,V,V,V,V,V,V,V,V,V,V,V,V,V,V,V,V,V,V,V,V,V,V,V,V,V,V,120
7,21,18.0,V,V,V,V,V,V,V,V,V,V,V,V,V,V,V,V,V,V,V,V,V,V,V,V,V,V,V,V,V,V,V,V,V,V,V,V,V,V,120
7,22,18.5,V,V,V,V,V,V,V,V,V,V,V,V,V,V,V,V,V,V,V,V,V,V,V,V,V,V,V,V,V,V,V,V,V,V,V,V,V,V,120
7,23,19.0,V,V,V,V,V,V,V,V,V,V,V,V,V,V,V,V,V,V,V,V,V,V,V,V,V,V,V,V,V,V,V,V,V,V,V,V,V,V,120
7,24,19.5,V,V,V,V,V,V,V,V,V,V,V,V,V,V,V,V,V,V,V,V,V,V,V,V,V,V,V,V,V,V,V,V,V,V,V,V,V,V,120
7,25,20.0,V,V,V,V,V,V,V,V,V,V,V,V,V,V,V,V,V,V,V,V,V,V,V,V,V,V,V,V,V,V,V,V,V,V,V,V,V,V,V
7,26,20.5,V,V,V,V,V,V,V,V,V,V,V,V,V,V,V,V,V,V,V,V,V,V,V,V,V,V,V,V,V,V,V,V,V,V,V,V,V,V,V
8,1,8.0,V,V,V,V,V,V,V,V,V,V,V,V,V,V,V,V,V,V,V,V,V,V,V,V,262,V,262,V,262,192,V,V,V,262,V,V,104,V,104
8,2,8.5,V,V,V,V,V,V,V,V,V,V,V,V,V,V,V,V,V,V,V,V,V,V,V,V,262,V,262,V,262,192,V,V,V,262,V,V,104,V,104
8,3,9.0,V,V,V,V,V,V,V,V,V,V,V,V,V,V,V,V,V,V,V,V,V,V,V,V,262,V,262,V,262,192,V,V,V,262,V,V,104,V,104
8,4,9.5,V,V,V,V,V,V,V,V,V,V,V,V,V,V,V,V,V,V,V,V,V,V,V,V,262,V,262,V,262,192,V,V,V,262,V,V,104,V,104
8,5,10.0,V,V,V,V,V,V,V,V,V,V,V,V,V,V,V,V,V,V,V,V,V,V,V,V,262,V,262,V,262,192,V,V,V,262,V,V,104,V,104
8,6,10.5,V,V,V,V,V,V,V,V,V,V,V,V,V,V,V,V,V,V,V,V,V,V,V,V,262,V,262,V,262,192,V,V,V,262,V,V,104,V,104
8,7,11.0,V,V,V,V,V,V,V,V,V,V,V,V,V,V,V,V,V,V,V,V,V,V,V,V,262,V,262,V,262,V,V,V,V,262,V,V,104,V,104
8,8,11.5,V,V,V,V,V,V,V,V,V,V,V,V,V,V,V,V,V,V,V,V,V,V,V,V,262,V,262,V,262,V,V,V,V,262,V,V,104,V,104
8,9,12.0,V,V,V,V,V,V,V,V,V,V,V,V,V,V,V,V,V,V,V,V,V,V,V,V,V,V,V,V,V,V,15,V,V,V,V,V,15,V,186
8,10,12.5,V,V,V,V,V,V,V,V,V,V,V,V,V,V,V,V,V,V,V,V,V,V,V,V,V,V,V,V,V,V,15,V,V,V,V,V,15,V,186
8,11,13.0,V,V,V,V,V,V,V,V,V,V,V,V,V,V,V,V,V,V,V,V,V,V,V,V,V,V,V,V,V,V,15,V,V,V,V,V,15,V,186
8,12,13.5,V,V,V,V,V,V,V,V,V,V,V,V,V,V,V,V,V,V,V,V,V,V,V,V,V,V,V,V,V,V,15,V,V,V,V,V,15,V,186
8,13,14.0,V,V,V,V,V,V,V,V,V,V,V,V,V,V,V,V,V,V,V,V,V,V,V,V,V,V,V,V,V,V,15,V,V,V,V,V,15,V,186
8,14,14.5,V,V,V,V,V,V,V,V,V,V,V,V,V,V,V,V,V,V,V,V,V,V,V,V,V,V,V,V,V,V,15,V,V,V,V,V,15,V,186
8,15,15.0,V,V,V,V,V,V,V,V,V,V,V,V,V,V,V,V,V,V,V,V,V,V,V,V,V,V,V,V,V,V,15,V,V,V,V,V,15,V,186
8,16,15.5,V,V,V,V,V,V,V,V,V,V,V,V,V,V,V,V,V,V,V,V,V,V,V,V,V,V,V,V,V,V,15,V,V,V,V,V,15,V,186
8,17,16.0,V,V,V,V,V,V,V,V,V,V,V,V,V,V,V,V,V,V,V,V,V,V,V,V,V,V,V,V,V,V,V,V,V,V,V,V,255,V,267
8,18,16.5,V,V,V,V,V,V,V,V,V,V,V,V,V,V,V,V,V,V,V,V,V,V,V,V,V,V,V,V,V,V,V,V,V,V,V,V,255,V,267
8,19,17.0,V,V,V,V,V,V,V,V,V,V,V,V,V,V,V,V,V,V,V,V,V,V,V,V,V,V,V,V,V,V,V,V,V,V,V,V,255,V,267
8,20,17.5,V,V,V,V,V,V,V,V,V,V,V,V,V,V,V,V,V,V,V,V,V,V,V,V,V,V,V,V,V,V,V,V,V,V,V,V,255,V,267
8,21,18.0,V,V,V,V,V,V,V,V,V,V,V,V,V,V,V,V,V,V,V,V,V,V,V,V,V,V,V,V,V,V,V,V,V,V,V,V,255,V,267
8,22,18.5,V,V,V,V,V,V,V,V,V,V,V,V,V,V,V,V,V,V,V,V,V,V,V,V,V,V,V,V,V,V,V,V,V,V,V,V,255,V,267
8,23,19.0,V,V,V,V,V,V,V,V,V,V,V,V,V,V,V,V,V,V,V,V,V,V,V,V,V,V,V,V,V,V,V,V,V,V,V,V,255,V,267
8,24,19.5,V,V,V,V,V,V,V,V,V,V,V,V,V,V,V,V,V,V,V,V,V,V,V,V,V,V,V,V,V,V,V,V,V,V,V,V,255,V,267
8,25,20.0,V,V,V,V,V,V,V,V,V,V,V,V,V,V,V,V,V,V,V,V,V,V,V,V,V,V,V,V,V,V,V,V,V,V,V,V,V,V,V
8,26,20.5,V,V,V,V,V,V,V,V,V,V,V,V,V,V,V,V,V,V,V,V,V,V,V,V,V,V,V,V,V,V,V,V,V,V,V,V,V,V,V
9,1,8.0,95,95,89,8,174,51,145,258,V,V,V,V,V,V,V,V,V,V,V,V,V,V,V,V,V,V,V,V,V,V,V,V,V,V,V,V,V,V,193
9,2,8.5,95,95,89,8,174,51,145,258,V,V,V,V,V,V,V,V,V,V,V,V,V,V,V,V,V,V,V,V,V,V,V,V,V,V,V,V,V,V,193
9,3,9.0,95,95,89,8,174,51,145,258,V,V,V,V,V,V,V,V,V,V,V,V,V,V,V,V,V,V,V,V,V,V,V,V,V,V,V,V,V,V,193
9,4,9.5,95,95,89,8,174,51,145,258,V,V,V,V,V,V,V,V,V,V,V,V,V,V,V,V,V,V,V,V,V,V,V,V,V,V,V,V,V,V,193
9,5,10.0,95,95,89,8,174,51,145,258,V,V,V,V,V,V,V,V,V,V,V,V,V,V,V,V,V,V,V,V,V,V,V,V,V,V,V,V,V,V,193
9,6,10.5,95,95,89,8,174,51,145,258,V,V,V,V,V,V,V,V,V,V,V,V,V,V,V,V,V,V,V,V,V,V,V,V,V,V,V,V,V,V,193
9,7,11.0,V,V,89,8,174,51,145,258,V,V,V,V,V,V,V,V,V,V,V,V,V,V,V,V,V,V,V,V,V,V,V,V,V,V,V,V,V,V,193
9,8,11.5,V,V,89,8,174,51,145,258,V,V,V,V,V,V,V,V,V,V,V,V,V,V,V,V,V,V,V,V,V,V,V,V,V,V,V,V,V,V,193
9,9,12.0,V,V,V,V,V,V,V,V,V,V,V,V,V,V,V,V,V,V,V,V,V,V,V,V,V,V,V,V,V,V,V,V,V,V,V,V,V,V,45
9,10,12.5,V,V,V,V,V,V,V,V,V,V,V,V,V,V,V,V,V,V,V,V,V,V,V,V,V,V,V,V,V,V,V,V,V,V,V,V,V,V,45
9,11,13.0,V,V,V,V,V,V,V,V,V,V,V,V,V,V,V,V,V,V,V,V,V,V,V,V,V,V,V,V,V,V,V,V,V,V,V,V,V,V,45
9,12,13.5,V,V,V,V,V,V,V,V,V,V,V,V,V,V,V,V,V,V,V,V,V,V,V,V,V,V,V,V,V,V,V,V,V,V,V,V,V,V,45
9,13,14.0,V,V,V,V,V,V,V,V,V,V,V,V,V,V,V,V,V,V,V,V,V,V,V,V,V,V,V,V,V,V,V,V,V,V,V,V,V,V,45
9,14,14.5,V,V,V,V,V,V,V,V,V,V,V,V,V,V,V,V,V,V,V,V,V,V,V,V,V,V,V,V,V,V,V,V,V,V,V,V,V,V,45
9,15,15.0,V,V,V,V,V,V,V,V,V,V,V,V,V,V,V,V,V,V,V,V,V,V,V,V,V,V,V,V,V,V,V,V,V,V,V,V,V,V,45
9,16,15.5,V,V,V,V,V,V,V,V,V,V,V,V,V,V,V,V,V,V,V,V,V,V,V,V,V,V,V,V,V,V,V,V,V,V,V,V,V,V,45
9,17,16.0,V,V,V,V,V,V,V,V,V,V,V,V,V,V,V,V,V,V,V,V,V,V,V,V,V,V,V,V,V,V,V,V,V,V,V,V,V,V,48
9,18,16.5,V,V,V,V,V,V,V,V,V,V,V,V,V,V,V,V,V,V,V,V,V,V,V,V,V,V,V,V,V,V,V,V,V,V,V,V,V,V,48
9,19,17.0,V,V,V,V,V,V,V,V,V,V,V,V,V,V,V,V,V,V,V,V,V,V,V,V,V,V,V,V,V,V,V,V,V,V,V,V,V,V,48
9,20,17.5,V,V,V,V,V,V,V,V,V,V,V,V,V,V,V,V,V,V,V,V,V,V,V,V,V,V,V,V,V,V,V,V,V,V,V,V,V,V,48
9,21,18.0,V,V,V,V,V,V,V,V,V,V,V,V,V,V,V,V,V,V,V,V,V,V,V,V,V,V,V,V,V,V,V,V,V,V,V,V,V,V,48
9,22,18.5,V,V,V,V,V,V,V,V,V,V,V,V,V,V,V,V,V,V,V,V,V,V,V,V,V,V,V,V,V,V,V,V,V,V,V,V,V,V,48
9,23,19.0,V,V,V,V,V,V,V,V,V,V,V,V,V,V,V,V,V,V,V,V,V,V,V,V,V,V,V,V,V,V,V,V,V,V,V,V,V,V,48
9,24,19.5,V,V,V,V,V,V,V,V,V,V,V,V,V,V,V,V,V,V,V,V,V,V,V,V,V,V,V,V,V,V,V,V,V,V,V,V,V,V,48
9,25,20.0,V,V,V,V,V,V,V,V,V,V,V,V,V,V,V,V,V,V,V,V,V,V,V,V,V,V,V,V,V,V,V,V,V,V,V,V,V,V,V
9,26,20.5,V,V,V,V,V,V,V,V,V,V,V,V,V,V,V,V,V,V,V,V,V,V,V,V,V,V,V,V,V,V,V,V,V,V,V,V,V,V,V
10,1,8.0,150,183,149,V,V,V,V,V,V,V,V,V,V,V,V,V,V,V,V,V,V,V,V,V,V,V,V,V,V,165,239,V,V,V,V,14,152,239,14
10,2,8.5,150,183,149,V,V,V,V,V,V,V,V,V,V,V,V,V,V,V,V,V,V,V,V,V,V,V,V,V,V,165,239,V,V,V,V,14,152,239,14
10,3,9.0,150,183,149,V,V,V,V,V,V,V,V,V,V,V,V,V,V,V,V,V,V,V,V,V,V,V,V,V,V,165,239,V,V,V,V,14,152,239,14
10,4,9.5,150,183,149,V,V,V,V,V,V,V,V,V,V,V,V,V,V,V,V,V,V,V,V,V,V,V,V,V,V,165,239,V,V,V,V,14,152,239,14
10,5,10.0,150,183,149,V,V,V,V,V,V,V,V,V,V,V,V,V,V,V,V,V,V,V,V,V,V,V,V,V,V,165,239,V,V,V,V,14,152,239,14
10,6,10.5,150,183,149,V,V,V,V,V,V,V,V,V,V,V,V,V,V,V,V,V,V,V,V,V,V,V,V,V,V,165,239,V,V,V,V,14,152,239,14
10,7,11.0,150,183,V,V,V,V,V,V,V,V,V,V,V,V,V,V,V,V,V,V,V,V,V,V,V,V,V,V,V,V,239,V,V,V,V,14,152,239,14
10,8,11.5,150,183,V,V,V,V,V,V,V,V,V,V,V,V,V,V,V,V,V,V,V,V,V,V,V,V,V,V,V,V,239,V,V,V,V,14,152,239,14
10,9,12.0,V,V,V,V,V,V,V,V,V,V,V,V,V,V,V,V,V,V,V,V,V,V,V,V,V,V,V,V,V,V,V,V,V,V,V,V,V,V,133
10,10,12.5,V,V,V,V,V,V,V,V,V,V,V,V,V,V,V,V,V,V,V,V,V,V,V,V,V,V,V,V,V,V,V,V,V,V,V,V,V,V,133
10,11,13.0,V,V,V,V,V,V,V,V,V,V,V,V,V,V,V,V,V,V,V,V,V,V,V,V,V,V,V,V,V,V,V,V,V,V,V,V,V,V,133
10,12,13.5,V,V,V,V,V,V,V,V,V,V,V,V,V,V,V,V,V,V,V,V,V,V,V,V,V,V,V,V,V,V,V,V,V,V,V,V,V,V,133
10,13,14.0,V,V,V,V,V,V,V,V,V,V,V,V,V,V,V,V,V,V,V,V,V,V,V,V,V,V,V,V,V,V,V,V,V,V,V,V,V,V,133
10,14,14.5,V,V,V,V,V,V,V,V,V,V,V,V,V,V,V,V,V,V,V,V,V,V,V,V,V,V,V,V,V,V,V,V,V,V,V,V,V,V,133
10,15,15.0,V,V,V,V,V,V,V,V,V,V,V,V,V,V,V,V,V,V,V,V,V,V,V,V,V,V,V,V,V,V,V,V,V,V,V,V,V,V,133
10,16,15.5,V,V,V,V,V,V,V,V,V,V,V,V,V,V,V,V,V,V,V,V,V,V,V,V,V,V,V,V,V,V,V,V,V,V,V,V,V,V,133
10,17,16.0,V,V,V,V,V,V,V,V,V,V,V,V,V,V,V,V,V,V,V,V,V,V,V,V,V,V,V,V,V,V,V,V,V,V,V,V,V,V,232
10,18,16.5,V,V,V,V,V,V,V,V,V,V,V,V,V,V,V,V,V,V,V,V,V,V,V,V,V,V,V,V,V,V,V,V,V,V,V,V,V,V,232
10,19,17.0,V,V,V,V,V,V,V,V,V,V,V,V,V,V,V,V,V,V,V,V,V,V,V,V,V,V,V,V,V,V,V,V,V,V,V,V,V,V,232
10,20,17.5,V,V,V,V,V,V,V,V,V,V,V,V,V,V,V,V,V,V,V,V,V,V,V,V,V,V,V,V,V,V,V,V,V,V,V,V,V,V,232
10,21,18.0,V,V,V,V,V,V,V,V,V,V,V,V,V,V,V,V,V,V,V,V,V,V,V,V,V,V,V,V,V,V,V,V,V,V,V,V,V,V,232
10,22,18.5,V,V,V,V,V,V,V,V,V,V,V,V,V,V,V,V,V,V,V,V,V,V,V,V,V,V,V,V,V,V,V,V,V,V,V,V,V,V,232
10,23,19.0,V,V,V,V,V,V,V,V,V,V,V,V,V,V,V,V,V,V,V,V,V,V,V,V,V,V,V,V,V,V,V,V,V,V,V,V,V,V,232
10,24,19.5,V,V,V,V,V,V,V,V,V,V,V,V,V,V,V,V,V,V,V,V,V,V,V,V,V,V,V,V,V,V,V,V,V,V,V,V,V,V,232
10,25,20.0,V,V,V,V,V,V,V,V,V,V,V,V,V,V,V,V,V,V,V,V,V,V,V,V,V,V,V,V,V,V,V,V,V,V,V,V,V,V,V
10,26,20.5,V,V,V,V,V,V,V,V,V,V,V,V,V,V,V,V,V,V,V,V,V,V,V,V,V,V,V,V,V,V,V,V,V,V,V,V,V,V,V
11,1,8.0,247,217,27,9,189,74,31,13,V,V,V,V,V,V,V,V,V,V,V,V,V,V,V,V,V,V,V,V,V,V,V,V,V,V,V,V,V,V,7
11,2,8.5,247,217,27,9,189,74,31,13,V,V,V,V,V,V,V,V,V,V,V,V,V,V,V,V,V,V,V,V,V,V,V,V,V,V,V,V,V,V,7
11,3,9.0,247,217,27,9,189,74,31,13,V,V,V,V,V,V,V,V,V,V,V,V,V,V,V,V,V,V,V,V,V,V,V,V,V,V,V,V,V,V,7
11,4,9.5,247,217,27,9,189,74,31,13,V,V,V,V,V,V,V,V,V,V,V,V,V,V,V,V,V,V,V,V,V,V,V,V,V,V,V,V,V,V,7
11,5,10.0,247,217,27,9,189,74,31,13,V,V,V,V,V,V,V,V,V,V,V,V,V,V,V,V,V,V,V,V,V,V,V,V,V,V,V,V,V,V,7
11,6,10.5,247,217,27,9,189,74,31,13,V,V,V,V,V,V,V,V,V,V,V,V,V,V,V,V,V,V,V,V,V,V,V,V,V,V,V,V,V,V,7
11,7,11.0,247,217,27,9,189,74,31,V,V,V,V,V,V,V,V,V,V,V,V,V,V,V,V,V,V,V,V,V,V,V,V,V,V,V,V,V,V,V,7
11,8,11.5,247,217,27,9,189,74,31,V,V,V,V,V,V,V,V,V,V,V,V,V,V,V,V,V,V,V,V,V,V,V,V,V,V,V,V,V,V,V,7
11,9,12.0,V,V,V,V,V,V,V,V,V,V,V,V,V,V,V,V,V,V,V,V,V,V,V,V,V,V,V,V,V,V,V,V,V,V,V,V,V,V,244
11,10,12.5,V,V,V,V,V,V,V,V,V,V,V,V,V,V,V,V,V,V,V,V,V,V,V,V,V,V,V,V,V,V,V,V,V,V,V,V,V,V,244
11,11,13.0,V,V,V,V,V,V,V,V,V,V,V,V,V,V,V,V,V,V,V,V,V,V,V,V,V,V,V,V,V,V,V,V,V,V,V,V,V,V,244
11,12,13.5,V,V,V,V,V,V,V,V,V,V,V,V,V,V,V,V,V,V,V,V,V,V,V,V,V,V,V,V,V,V,V,V,V,V,V,V,V,V,244
11,13,14.0,V,V,V,V,V,V,V,V,V,V,V,V,V,V,V,V,V,V,V,V,V,V,V,V,V,V,V,V,V,V,V,V,V,V,V,V,V,V,244
11,14,14.5,V,V,V,V,V,V,V,V,V,V,V,V,V,V,V,V,V,V,V,V,V,V,V,V,V,V,V,V,V,V,V,V,V,V,V,V,V,V,244
11,15,15.0,V,V,V,V,V,V,V,V,V,V,V,V,V,V,V,V,V,V,V,V,V,V,V,V,V,V,V,V,V,V,V,V,V,V,V,V,V,V,244
11,16,15.5,V,V,V,V,V,V,V,V,V,V,V,V,V,V,V,V,V,V,V,V,V,V,V,V,V,V,V,V,V,V,V,V,V,V,V,V,V,V,244
11,17,16.0,V,V,V,V,V,V,V,V,V,V,V,V,V,V,V,V,V,V,V,V,V,V,V,V,V,V,V,V,V,V,V,V,V,V,V,V,V,V,238
11,18,16.5,V,V,V,V,V,V,V,V,V,V,V,V,V,V,V,V,V,V,V,V,V,V,V,V,V,V,V,V,V,V,V,V,V,V,V,V,V,V,238
11,19,17.0,V,V,V,V,V,V,V,V,V,V,V,V,V,V,V,V,V,V,V,V,V,V,V,V,V,V,V,V,V,V,V,V,V,V,V,V,V,V,238
11,20,17.5,V,V,V,V,V,V,V,V,V,V,V,V,V,V,V,V,V,V,V,V,V,V,V,V,V,V,V,V,V,V,V,V,V,V,V,V,V,V,238
11,21,18.0,V,V,V,V,V,V,V,V,V,V,V,V,V,V,V,V,V,V,V,V,V,V,V,V,V,V,V,V,V,V,V,V,V,V,V,V,V,V,238
11,22,18.5,V,V,V,V,V,V,V,V,V,V,V,V,V,V,V,V,V,V,V,V,V,V,V,V,V,V,V,V,V,V,V,V,V,V,V,V,V,V,238
11,23,19.0,V,V,V,V,V,V,V,V,V,V,V,V,V,V,V,V,V,V,V,V,V,V,V,V,V,V,V,V,V,V,V,V,V,V,V,V,V,V,238
11,24,19.5,V,V,V,V,V,V,V,V,V,V,V,V,V,V,V,V,V,V,V,V,V,V,V,V,V,V,V,V,V,V,V,V,V,V,V,V,V,V,238
11,25,20.0,V,V,V,V,V,V,V,V,V,V,V,V,V,V,V,V,V,V,V,V,V,V,V,V,V,V,V,V,V,V,V,V,V,V,V,V,V,V,V
11,26,20.5,V,V,V,V,V,V,V,V,V,V,V,V,V,V,V,V,V,V,V,V,V,V,V,V,V,V,V,V,V,V,V,V,V,V,V,V,V,V,V
12,1,8.0,90,236,220,V,V,V,V,V,V,V,V,V,V,245,V,V,V,V,213,V,V,V,V,V,245,V,V,V,V,V,V,V,V,V,V,213,199,V,199
12,2,8.5,90,236,220,V,V,V,V,V,V,V,V,V,V,245,V,V,V,V,213,V,V,V,V,V,245,V,V,V,V,V,V,V,V,V,V,213,199,V,199
12,3,9.0,90,236,220,V,V,V,V,V,V,V,V,V,V,245,V,V,V,V,213,V,V,V,V,V,245,V,V,V,V,V,V,V,V,V,V,213,199,V,199
12,4,9.5,90,236,220,V,V,V,V,V,V,V,V,V,V,245,V,V,V,V,213,V,V,V,V,V,245,V,V,V,V,V,V,V,V,V,V,213,199,V,199
12,5,10.0,90,236,220,V,V,V,V,V,V,V,V,V,V,245,V,V,V,V,213,V,V,V,V,V,245,V,V,V,V,V,V,V,V,V,V,213,199,V,199
12,6,10.5,90,236,220,V,V,V,V,V,V,V,V,V,V,245,V,V,V,V,213,V,V,V,V,V,245,V,V,V,V,V,V,V,V,V,V,213,199,V,199
12,7,11.0,90,236,220,V,V,V,V,V,V,V,V,V,V,V,V,V,V,V,213,V,V,V,V,V,V,V,V,V,V,V,V,V,V,V,V,213,199,V,199
12,8,11.5,90,236,220,V,V,V,V,V,V,V,V,V,V,V,V,V,V,V,213,V,V,V,V,V,V,V,V,V,V,V,V,V,V,V,V,213,199,V,199
12,9,12.0,V,V,V,V,V,V,V,V,V,V,V,V,V,V,V,V,V,V,V,V,V,V,V,V,V,V,V,V,V,V,V,V,V,V,V,V,139,V,55
12,10,12.5,V,V,V,V,V,V,V,V,V,V,V,V,V,V,V,V,V,V,V,V,V,V,V,V,V,V,V,V,V,V,V,V,V,V,V,V,139,V,55
12,11,13.0,V,V,V,V,V,V,V,V,V,V,V,V,V,V,V,V,V,V,V,V,V,V,V,V,V,V,V,V,V,V,V,V,V,V,V,V,139,V,55
12,12,13.5,V,V,V,V,V,V,V,V,V,V,V,V,V,V,V,V,V,V,V,V,V,V,V,V,V,V,V,V,V,V,V,V,V,V,V,V,139,V,55
12,13,14.0,V,V,V,V,V,V,V,V,V,V,V,V,V,V,V,V,V,V,V,V,V,V,V,V,V,V,V,V,V,V,V,V,V,V,V,V,139,V,55
12,14,14.5,V,V,V,V,V,V,V,V,V,V,V,V,V,V,V,V,V,V,V,V,V,V,V,V,V,V,V,V,V,V,V,V,V,V,V,V,139,V,55
12,15,15.0,V,V,V,V,V,V,V,V,V,V,V,V,V,V,V,V,V,V,V,V,V,V,V,V,V,V,V,V,V,V,V,V,V,V,V,V,85,V,55
12,16,15.5,V,V,V,V,V,V,V,V,V,V,V,V,V,V,V,V,V,V,V,V,V,V,V,V,V,V,V,V,V,V,V,V,V,V,V,V,85,V,55
12,17,16.0,V,V,V,V,V,V,V,V,V,V,V,V,V,V,V,V,V,V,V,V,V,V,V,V,V,V,V,V,V,V,V,V,V,V,V,V,85,V,276
12,18,16.5,V,V,V,V,V,V,V,V,V,V,V,V,V,V,V,V,V,V,V,V,V,V,V,V,V,V,V,V,V,V,V,V,V,V,V,V,85,V,276
12,19,17.0,V,V,V,V,V,V,V,V,V,V,V,V,V,V,V,V,V,V,V,V,V,V,V,V,V,V,V,V,V,V,V,V,V,V,V,V,85,V,276
12,20,17.5,V,V,V,V,V,V,V,V,V,V,V,V,V,V,V,V,V,V,V,V,V,V,V,V,V,V,V,V,V,V,V,V,V,V,V,V,85,V,276
12,21,18.0,V,V,V,V,V,V,V,V,V,V,V,V,V,V,V,V,V,V,V,V,V,V,V,V,V,V,V,V,V,V,V,V,V,V,V,V,V,V,276
12,22,18.5,V,V,V,V,V,V,V,V,V,V,V,V,V,V,V,V,V,V,V,V,V,V,V,V,V,V,V,V,V,V,V,V,V,V,V,V,V,V,276
12,23,19.0,V,V,V,V,V,V,V,V,V,V,V,V,V,V,V,V,V,V,V,V,V,V,V,V,V,V,V,V,V,V,V,V,V,V,V,V,V,V,276
12,24,19.5,V,V,V,V,V,V,V,V,V,V,V,V,V,V,V,V,V,V,V,V,V,V,V,V,V,V,V,V,V,V,V,V,V,V,V,V,V,V,276
12,25,20.0,V,V,V,V,V,V,V,V,V,V,V,V,V,V,V,V,V,V,V,V,V,V,V,V,V,V,V,V,V,V,V,V,V,V,V,V,V,V,V
12,26,20.5,V,V,V,V,V,V,V,V,V,V,V,V,V,V,V,V,V,V,V,V,V,V,V,V,V,V,V,V,V,V,V,V,V,V,V,V,V,V,V
13,1,8.0,154,168,218,V,V,V,V,V,V,V,V,V,V,V,V,V,V,V,257,V,V,V,V,59,V,V,V,59,V,V,V,257,V,V,V,67,V,V,237
13,2,8.5,154,168,218,V,V,V,V,V,V,V,V,V,V,V,V,V,V,V,257,V,V,V,V,59,V,V,V,59,V,V,V,257,V,V,V,67,V,V,237
13,3,9.0,154,168,218,V,V,V,V,V,V,V,V,V,V,V,V,V,V,V,257,V,V,V,V,59,V,V,V,59,V,V,V,257,V,V,V,67,V,V,237
13,4,9.5,154,168,218,V,V,V,V,V,V,V,V,V,V,V,V,V,V,V,257,V,V,V,V,59,V,V,V,59,V,V,V,257,V,V,V,67,V,V,237
13,5,10.0,154,168,218,V,V,V,V,V,V,V,V,V,V,V,V,V,V,V,257,V,V,V,V,59,V,V,V,59,V,V,V,257,V,V,V,67,V,V,237
13,6,10.5,154,168,218,V,V,V,V,V,V,V,V,V,V,V,V,V,V,V,257,V,V,V,V,59,V,V,V,59,V,V,V,257,V,V,V,67,V,V,237
13,7,11.0,154,168,V,V,V,V,V,V,V,V,V,V,V,V,V,V,V,V,257,V,V,V,V,59,V,V,V,59,V,V,V,257,V,V,V,67,V,V,237
13,8,11.5,154,168,V,V,V,V,V,V,V,V,V,V,V,V,V,V,V,V,257,V,V,V,V,59,V,V,V,59,V,V,V,257,V,V,V,67,V,V,237
13,9,12.0,V,V,V,V,V,V,V,V,V,V,V,V,V,V,V,V,V,V,V,V,V,V,V,V,V,V,V,V,V,V,V,V,V,V,V,V,V,V,246
13,10,12.5,V,V,V,V,V,V,V,V,V,V,V,V,V,V,V,V,V,V,V,V,V,V,V,V,V,V,V,V,V,V,V,V,V,V,V,V,V,V,246
13,11,13.0,V,V,V,V,V,V,V,V,V,V,V,V,V,V,V,V,V,V,V,V,V,V,V,V,V,V,V,V,V,V,V,V,V,V,V,V,V,V,246
13,12,13.5,V,V,V,V,V,V,V,V,V,V,V,V,V,V,V,V,V,V,V,V,V,V,V,V,V,V,V,V,V,V,V,V,V,V,V,V,V,V,246
13,13,14.0,V,V,V,V,V,V,V,V,V,V,V,V,V,V,V,V,V,V,V,V,V,V,V,V,V,V,V,V,V,V,V,V,V,V,V,V,V,V,246
13,14,14.5,V,V,V,V,V,V,V,V,V,V,V,V,V,V,V,V,V,V,V,V,V,V,V,V,V,V,V,V,V,V,V,V,V,V,V,V,V,V,246
13,15,15.0,V,V,V,V,V,V,V,V,V,V,V,V,V,V,V,V,V,V,V,V,V,V,V,V,V,V,V,V,V,V,V,V,V,V,V,V,V,V,246
13,16,15.5,V,V,V,V,V,V,V,V,V,V,V,V,V,V,V,V,V,V,V,V,V,V,V,V,V,V,V,V,V,V,V,V,V,V,V,V,V,V,246
13,17,16.0,V,V,V,V,V,V,V,V,V,V,V,V,V,V,V,V,V,V,V,V,V,V,V,V,V,V,V,V,V,V,V,V,V,V,V,V,V,V,83
13,18,16.5,V,V,V,V,V,V,V,V,V,V,V,V,V,V,V,V,V,V,V,V,V,V,V,V,V,V,V,V,V,V,V,V,V,V,V,V,V,V,83
13,19,17.0,V,V,V,V,V,V,V,V,V,V,V,V,V,V,V,V,V,V,V,V,V,V,V,V,V,V,V,V,V,V,V,V,V,V,V,V,V,V,83
13,20,17.5,V,V,V,V,V,V,V,V,V,V,V,V,V,V,V,V,V,V,V,V,V,V,V,V,V,V,V,V,V,V,V,V,V,V,V,V,V,V,83
13,21,18.0,V,V,V,V,V,V,V,V,V,V,V,V,V,V,V,V,V,V,V,V,V,V,V,V,V,V,V,V,V,V,V,V,V,V,V,V,V,V,83
13,22,18.5,V,V,V,V,V,V,V,V,V,V,V,V,V,V,V,V,V,V,V,V,V,V,V,V,V,V,V,V,V,V,V,V,V,V,V,V,V,V,83
13,23,19.0,V,V,V,V,V,V,V,V,V,V,V,V,V,V,V,V,V,V,V,V,V,V,V,V,V,V,V,V,V,V,V,V,V,V,V,V,V,V,83
13,24,19.5,V,V,V,V,V,V,V,V,V,V,V,V,V,V,V,V,V,V,V,V,V,V,V,V,V,V,V,V,V,V,V,V,V,V,V,V,V,V,83
13,25,20.0,V,V,V,V,V,V,V,V,V,V,V,V,V,V,V,V,V,V,V,V,V,V,V,V,V,V,V,V,V,V,V,V,V,V,V,V,V,V,V
13,26,20.5,V,V,V,V,V,V,V,V,V,V,V,V,V,V,V,V,V,V,V,V,V,V,V,V,V,V,V,V,V,V,V,V,V,V,V,V,V,V,V
14,1,8.0,175,92,33,194,251,125,V,V,V,V,V,V,V,V,V,V,V,V,V,V,V,V,V,V,V,V,V,V,V,47,V,V,V,V,V,V,47,V,162
14,2,8.5,175,92,33,194,251,125,V,V,V,V,V,V,V,V,V,V,V,V,V,V,V,V,V,V,V,V,V,V,V,47,V,V,V,V,V,V,47,V,162
14,3,9.0,175,92,33,194,251,125,V,V,V,V,V,V,V,V,V,V,V,V,V,V,V,V,V,V,V,V,V,V,V,47,V,V,V,V,V,V,47,V,162
14,4,9.5,175,92,33,194,251,125,V,V,V,V,V,V,V,V,V,V,V,V,V,V,V,V,V,V,V,V,V,V,V,47,V,V,V,V,V,V,47,V,162
14,5,10.0,175,92,33,194,251,125,V,V,V,V,V,V,V,V,V,V,V,V,V,V,V,V,V,V,V,V,V,V,V,47,V,V,V,V,V,V,47,V,162
14,6,10.5,175,92,33,194,251,125,V,V,V,V,V,V,V,V,V,V,V,V,V,V,V,V,V,V,V,V,V,V,V,47,V,V,V,V,V,V,47,V,162
14,7,11.0,175,92,33,194,251,V,V,V,V,V,V,V,V,V,V,V,V,V,V,V,V,V,V,V,V,V,V,V,V,47,V,V,V,V,V,V,47,V,162
14,8,11.5,175,92,33,194,251,V,V,V,V,V,V,V,V,V,V,V,V,V,V,V,V,V,V,V,V,V,V,V,V,47,V,V,V,V,V,V,47,V,162
14,9,12.0,V,V,V,V,V,V,V,V,V,V,V,V,V,V,V,V,V,V,V,V,V,V,V,V,V,V,V,V,V,V,V,V,V,V,V,V,V,V,198
14,10,12.5,V,V,V,V,V,V,V,V,V,V,V,V,V,V,V,V,V,V,V,V,V,V,V,V,V,V,V,V,V,V,V,V,V,V,V,V,V,V,198
14,11,13.0,V,V,V,V,V,V,V,V,V,V,V,V,V,V,V,V,V,V,V,V,V,V,V,V,V,V,V,V,V,V,V,V,V,V,V,V,V,V,198
14,12,13.5,V,V,V,V,V,V,V,V,V,V,V,V,V,V,V,V,V,V,V,V,V,V,V,V,V,V,V,V,V,V,V,V,V,V,V,V,V,V,198
14,13,14.0,V,V,V,V,V,V,V,V,V,V,V,V,V,V,V,V,V,V,V,V,V,V,V,V,V,V,V,V,V,V,V,V,V,V,V,V,V,V,198
14,14,14.5,V,V,V,V,V,V,V,V,V,V,V,V,V,V,V,V,V,V,V,V,V,V,V,V,V,V,V,V,V,V,V,V,V,V,V,V,V,V,198
14,15,15.0,V,V,V,V,V,V,V,V,V,V,V,V,V,V,V,V,V,V,V,V,V,V,V,V,V,V,V,V,V,V,V,V,V,V,V,V,V,V,198
14,16,15.5,V,V,V,V,V,V,V,V,V,V,V,V,V,V,V,V,V,V,V,V,V,V,V,V,V,V,V,V,V,V,V,V,V,V,V,V,V,V,198
14,17,16.0,V,V,V,V,V,V,V,V,V,V,V,V,V,V,V,V,V,V,V,V,V,V,V,V,V,V,V,V,V,V,V,V,V,V,V,V,V,V,214
14,18,16.5,V,V,V,V,V,V,V,V,V,V,V,V,V,V,V,V,V,V,V,V,V,V,V,V,V,V,V,V,V,V,V,V,V,V,V,V,V,V,214
14,19,17.0,V,V,V,V,V,V,V,V,V,V,V,V,V,V,V,V,V,V,V,V,V,V,V,V,V,V,V,V,V,V,V,V,V,V,V,V,V,V,214
14,20,17.5,V,V,V,V,V,V,V,V,V,V,V,V,V,V,V,V,V,V,V,V,V,V,V,V,V,V,V,V,V,V,V,V,V,V,V,V,V,V,214
14,21,18.0,V,V,V,V,V,V,V,V,V,V,V,V,V,V,V,V,V,V,V,V,V,V,V,V,V,V,V,V,V,V,V,V,V,V,V,V,V,V,214
14,22,18.5,V,V,V,V,V,V,V,V,V,V,V,V,V,V,V,V,V,V,V,V,V,V,V,V,V,V,V,V,V,V,V,V,V,V,V,V,V,V,214
14,23,19.0,V,V,V,V,V,V,V,V,V,V,V,V,V,V,V,V,V,V,V,V,V,V,V,V,V,V,V,V,V,V,V,V,V,V,V,V,V,V,214
14,24,19.5,V,V,V,V,V,V,V,V,V,V,V,V,V,V,V,V,V,V,V,V,V,V,V,V,V,V,V,V,V,V,V,V,V,V,V,V,V,V,214
14,25,20.0,V,V,V,V,V,V,V,V,V,V,V,V,V,V,V,V,V,V,V,V,V,V,V,V,V,V,V,V,V,V,V,V,V,V,V,V,V,V,V
14,26,20.5,V,V,V,V,V,V,V,V,V,V,V,V,V,V,V,V,V,V,V,V,V,V,V,V,V,V,V,V,V,V,V,V,V,V,V,V,V,V,V
15,1,8.0,128,19,256,11,V,V,V,V,V,V,V,V,250,V,V,V,V,V,V,V,223,V,V,V,V,V,V,250,V,V,V,V,223,V,V,V,V,V,223
15,2,8.5,128,19,256,11,V,V,V,V,V,V,V,V,250,V,V,V,V,V,V,V,223,V,V,V,V,V,V,250,V,V,V,V,223,V,V,V,V,V,223
15,3,9.0,128,19,256,11,V,V,V,V,V,V,V,V,250,V,V,V,V,V,V,V,223,V,V,V,V,V,V,250,V,V,V,V,223,V,V,V,V,V,223
15,4,9.5,128,19,256,11,V,V,V,V,V,V,V,V,250,V,V,V,V,V,V,V,223,V,V,V,V,V,V,250,V,V,V,V,223,V,V,V,V,V,223
15,5,10.0,128,19,256,11,V,V,V,V,V,V,V,V,250,V,V,V,V,V,V,V,223,V,V,V,V,V,V,250,V,V,V,V,223,V,V,V,V,V,223
15,6,10.5,128,19,256,11,V,V,V,V,V,V,V,V,250,V,V,V,V,V,V,V,223,V,V,V,V,V,V,250,V,V,V,V,223,V,V,V,V,V,223
15,7,11.0,128,19,256,V,V,V,V,V,V,V,V,V,250,V,V,V,V,V,V,V,223,V,V,V,V,V,V,250,V,V,V,V,223,V,V,V,V,V,223
15,8,11.5,128,19,256,V,V,V,V,V,V,V,V,V,250,V,V,V,V,V,V,V,223,V,V,V,V,V,V,250,V,V,V,V,223,V,V,V,V,V,223
15,9,12.0,V,V,V,V,V,V,V,V,V,V,V,V,V,V,V,V,V,V,V,V,V,V,V,V,V,V,V,V,V,V,V,V,V,V,V,V,V,V,272
15,10,12.5,V,V,V,V,V,V,V,V,V,V,V,V,V,V,V,V,V,V,V,V,V,V,V,V,V,V,V,V,V,V,V,V,V,V,V,V,V,V,272
15,11,13.0,V,V,V,V,V,V,V,V,V,V,V,V,V,V,V,V,V,V,V,V,V,V,V,V,V,V,V,V,V,V,V,V,V,V,V,V,V,V,272
15,12,13.5,V,V,V,V,V,V,V,V,V,V,V,V,V,V,V,V,V,V,V,V,V,V,V,V,V,V,V,V,V,V,V,V,V,V,V,V,V,V,272
15,13,14.0,V,V,V,V,V,V,V,V,V,V,V,V,V,V,V,V,V,V,V,V,V,V,V,V,V,V,V,V,V,V,V,V,V,V,V,V,V,V,272
15,14,14.5,V,V,V,V,V,V,V,V,V,V,V,V,V,V,V,V,V,V,V,V,V,V,V,V,V,V,V,V,V,V,V,V,V,V,V,V,V,V,272
15,15,15.0,V,V,V,V,V,V,V,V,V,V,V,V,V,V,V,V,V,V,V,V,V,V,V,V,V,V,V,V,V,V,V,V,V,V,V,V,V,V,272
15,16,15.5,V,V,V,V,V,V,V,V,V,V,V,V,V,V,V,V,V,V,V,V,V,V,V,V,V,V,V,V,V,V,V,V,V,V,V,V,V,V,272
15,17,16.0,V,V,V,V,V,V,V,V,V,V,V,V,V,V,V,V,V,V,V,V,V,V,V,V,V,V,V,V,V,V,V,V,V,V,V,V,V,V,65
15,18,16.5,V,V,V,V,V,V,V,V,V,V,V,V,V,V,V,V,V,V,V,V,V,V,V,V,V,V,V,V,V,V,V,V,V,V,V,V,V,V,65
15,19,17.0,V,V,V,V,V,V,V,V,V,V,V,V,V,V,V,V,V,V,V,V,V,V,V,V,V,V,V,V,V,V,V,V,V,V,V,V,V,V,65
15,20,17.5,V,V,V,V,V,V,V,V,V,V,V,V,V,V,V,V,V,V,V,V,V,V,V,V,V,V,V,V,V,V,V,V,V,V,V,V,V,V,65
15,21,18.0,V,V,V,V,V,V,V,V,V,V,V,V,V,V,V,V,V,V,V,V,V,V,V,V,V,V,V,V,V,V,V,V,V,V,V,V,V,V,65
15,22,18.5,V,V,V,V,V,V,V,V,V,V,V,V,V,V,V,V,V,V,V,V,V,V,V,V,V,V,V,V,V,V,V,V,V,V,V,V,V,V,65
15,23,19.0,V,V,V,V,V,V,V,V,V,V,V,V,V,V,V,V,V,V,V,V,V,V,V,V,V,V,V,V,V,V,V,V,V,V,V,V,V,V,65
15,24,19.5,V,V,V,V,V,V,V,V,V,V,V,V,V,V,V,V,V,V,V,V,V,V,V,V,V,V,V,V,V,V,V,V,V,V,V,V,V,V,65
15,25,20.0,V,V,V,V,V,V,V,V,V,V,V,V,V,V,V,V,V,V,V,V,V,V,V,V,V,V,V,V,V,V,V,V,V,V,V,V,V,V,V
15,26,20.5,V,V,V,V,V,V,V,V,V,V,V,V,V,V,V,V,V,V,V,V,V,V,V,V,V,V,V,V,V,V,V,V,V,V,V,V,V,V,V
16,1,8.0,2,32,277,163,V,V,V,V,V,V,V,V,V,V,V,V,V,V,V,V,V,V,V,V,V,V,V,V,V,138,V,V,V,V,V,205,205,V,205
16,2,8.5,2,32,277,163,V,V,V,V,V,V,V,V,V,V,V,V,V,V,V,V,V,V,V,V,V,V,V,V,V,138,V,V,V,V,V,205,205,V,205
16,3,9.0,2,32,277,163,V,V,V,V,V,V,V,V,V,V,V,V,V,V,V,V,V,V,V,V,V,V,V,V,V,138,V,V,V,V,V,205,205,V,205
16,4,9.5,2,32,277,163,V,V,V,V,V,V,V,V,V,V,V,V,V,V,V,V,V,V,V,V,V,V,V,V,V,138,V,V,V,V,V,205,205,V,205
16,5,10.0,2,32,277,163,V,V,V,V,V,V,V,V,V,V,V,V,V,V,V,V,V,V,V,V,V,V,V,V,V,138,V,V,V,V,V,205,205,V,205
16,6,10.5,2,32,277,V,V,V,V,V,V,V,V,V,V,V,V,V,V,V,V,V,V,V,V,V,V,V,V,V,V,138,V,V,V,V,V,205,205,V,205
16,7,11.0,2,32,277,V,V,V,V,V,V,V,V,V,V,V,V,V,V,V,V,V,V,V,V,V,V,V,V,V,V,138,V,V,V,V,V,205,205,V,205
16,8,11.5,2,32,277,V,V,V,V,V,V,V,V,V,V,V,V,V,V,V,V,V,V,V,V,V,V,V,V,V,V,138,V,V,V,V,V,205,205,V,205
16,9,12.0,V,V,V,V,V,V,V,V,V,V,V,V,V,V,V,V,V,V,V,V,V,V,V,V,V,164,V,V,V,V,V,V,V,V,V,V,V,V,164
16,10,12.5,V,V,V,V,V,V,V,V,V,V,V,V,V,V,V,V,V,V,V,V,V,V,V,V,V,164,V,V,V,V,V,V,V,V,V,V,V,V,164
16,11,13.0,V,V,V,V,V,V,V,V,V,V,V,V,V,V,V,V,V,V,V,V,V,V,V,V,V,164,V,V,V,V,V,V,V,V,V,V,V,V,164
16,12,13.5,V,V,V,V,V,V,V,V,V,V,V,V,V,V,V,V,V,V,V,V,V,V,V,V,V,164,V,V,V,V,V,V,V,V,V,V,V,V,164
16,13,14.0,V,V,V,V,V,V,V,V,V,V,V,V,V,V,V,V,V,V,V,V,V,V,V,V,V,164,V,V,V,V,V,V,V,V,V,V,V,V,164
16,14,14.5,V,V,V,V,V,V,V,V,V,V,V,V,V,V,V,V,V,V,V,V,V,V,V,V,V,164,V,V,V,V,V,V,V,V,V,V,V,V,164
16,15,15.0,V,V,V,V,V,V,V,V,V,V,V,V,V,V,V,V,V,V,V,V,V,V,V,V,V,164,V,V,V,V,V,V,V,V,V,V,V,V,164
16,16,15.5,V,V,V,V,V,V,V,V,V,V,V,V,V,V,V,V,V,V,V,V,V,V,V,V,V,164,V,V,V,V,V,V,V,V,V,V,V,V,164
16,17,16.0,V,V,V,V,V,V,V,V,V,V,V,V,V,V,V,V,V,V,V,V,V,V,V,V,V,V,V,V,V,V,V,V,V,V,V,V,V,V,153
16,18,16.5,V,V,V,V,V,V,V,V,V,V,V,V,V,V,V,V,V,V,V,V,V,V,V,V,V,V,V,V,V,V,V,V,V,V,V,V,V,V,153
16,19,17.0,V,V,V,V,V,V,V,V,V,V,V,V,V,V,V,V,V,V,V,V,V,V,V,V,V,V,V,V,V,V,V,V,V,V,V,V,V,V,153
16,20,17.5,V,V,V,V,V,V,V,V,V,V,V,V,V,V,V,V,V,V,V,V,V,V,V,V,V,V,V,V,V,V,V,V,V,V,V,V,V,V,153
16,21,18.0,V,V,V,V,V,V,V,V,V,V,V,V,V,V,V,V,V,V,V,V,V,V,V,V,V,V,V,V,V,V,V,V,V,V,V,V,V,V,153
16,22,18.5,V,V,V,V,V,V,V,V,V,V,V,V,V,V,V,V,V,V,V,V,V,V,V,V,V,V,V,V,V,V,V,V,V,V,V,V,V,V,153
16,23,19.0,V,V,V,V,V,V,V,V,V,V,V,V,V,V,V,V,V,V,V,V,V,V,V,V,V,V,V,V,V,V,V,V,V,V,V,V,V,V,153
16,24,19.5,V,V,V,V,V,V,V,V,V,V,V,V,V,V,V,V,V,V,V,V,V,V,V,V,V,V,V,V,V,V,V,V,V,V,V,V,V,V,153
16,25,20.0,V,V,V,V,V,V,V,V,V,V,V,V,V,V,V,V,V,V,V,V,V,V,V,V,V,V,V,V,V,V,V,V,V,V,V,V,V,V,V
16,26,20.5,V,V,V,V,V,V,V,V,V,V,V,V,V,V,V,V,V,V,V,V,V,V,V,V,V,V,V,V,V,V,V,V,V,V,V,V,V,V,V
17,1,8.0,106,44,243,V,V,V,V,V,V,80,V,V,V,V,215,V,V,V,38,V,V,V,V,V,V,V,V,V,V,V,V,V,V,V,115,V,56,56,53
17,2,8.5,106,44,243,V,V,V,V,V,V,80,V,V,V,V,215,V,V,V,38,V,V,V,V,V,V,V,V,V,V,V,V,V,V,V,115,V,56,56,53
17,3,9.0,106,44,243,V,V,V,V,V,V,80,V,V,V,V,215,V,V,V,38,V,V,V,V,V,V,V,V,V,V,V,V,V,V,V,115,V,56,56,53
17,4,9.5,106,44,243,V,V,V,V,V,V,80,V,V,V,V,215,V,V,V,38,V,V,V,V,V,V,V,V,V,V,V,V,V,V,V,115,V,56,56,53
17,5,10.0,106,44,243,V,V,V,V,V,V,80,V,V,V,V,215,V,V,V,38,V,V,V,V,V,V,V,V,V,V,V,V,V,V,V,V,V,56,56,53
17,6,10.5,106,44,243,V,V,V,V,V,V,80,V,V,V,V,215,V,V,V,38,V,V,V,V,V,V,V,V,V,V,V,V,V,V,V,V,V,56,56,53
17,7,11.0,106,44,243,V,V,V,V,V,V,V,V,V,V,V,V,V,V,V,38,V,V,V,V,V,V,V,V,V,V,V,V,V,V,V,V,V,56,56,53
17,8,11.5,106,44,243,V,V,V,V,V,V,V,V,V,V,V,V,V,V,V,38,V,V,V,V,V,V,V,V,V,V,V,V,V,V,V,V,V,56,56,53
17,9,12.0,V,V,V,V,V,V,V,V,V,V,V,V,V,V,V,V,V,V,V,V,V,V,V,V,V,V,V,V,V,V,V,V,V,V,V,V,84,V,229
17,10,12.5,V,V,V,V,V,V,V,V,V,V,V,V,V,V,V,V,V,V,V,V,V,V,V,V,V,V,V,V,V,V,V,V,V,V,V,V,84,V,229
17,11,13.0,V,V,V,V,V,V,V,V,V,V,V,V,V,V,V,V,V,V,V,V,V,V,V,V,V,V,V,V,V,V,V,V,V,V,V,V,84,V,229
17,12,13.5,V,V,V,V,V,V,V,V,V,V,V,V,V,V,V,V,V,V,V,V,V,V,V,V,V,V,V,V,V,V,V,V,V,V,V,V,84,V,229
17,13,14.0,V,V,V,V,V,V,V,V,V,V,V,V,V,V,V,V,V,V,V,V,V,V,V,V,V,V,V,V,V,V,V,V,V,V,V,V,84,V,229
17,14,14.5,V,V,V,V,V,V,V,V,V,V,V,V,V,V,V,V,V,V,V,V,V,V,V,V,V,V,V,V,V,V,V,V,V,V,V,V,84,V,229
17,15,15.0,V,V,V,V,V,V,V,V,V,V,V,V,V,V,V,V,V,V,V,V,V,V,V,V,V,V,V,V,V,V,V,V,V,V,V,V,V,V,229
17,16,15.5,V,V,V,V,V,V,V,V,V,V,V,V,V,V,V,V,V,V,V,V,V,V,V,V,V,V,V,V,V,V,V,V,V,V,V,V,V,V,229
17,17,16.0,V,V,V,V,V,V,V,V,V,V,V,V,V,V,V,V,V,V,V,V,V,V,V,V,V,V,V,V,V,V,V,V,V,V,V,V,V,V,46
17,18,16.5,V,V,V,V,V,V,V,V,V,V,V,V,V,V,V,V,V,V,V,V,V,V,V,V,V,V,V,V,V,V,V,V,V,V,V,V,V,V,46
17,19,17.0,V,V,V,V,V,V,V,V,V,V,V,V,V,V,V,V,V,V,V,V,V,V,V,V,V,V,V,V,V,V,V,V,V,V,V,V,V,V,46
17,20,17.5,V,V,V,V,V,V,V,V,V,V,V,V,V,V,V,V,V,V,V,V,V,V,V,V,V,V,V,V,V,V,V,V,V,V,V,V,V,V,46
17,21,18.0,V,V,V,V,V,V,V,V,V,V,V,V,V,V,V,V,V,V,V,V,V,V,V,V,V,V,V,V,V,V,V,V,V,V,V,V,V,V,46
17,22,18.5,V,V,V,V,V,V,V,V,V,V,V,V,V,V,V,V,V,V,V,V,V,V,V,V,V,V,V,V,V,V,V,V,V,V,V,V,V,V,46
17,23,19.0,V,V,V,V,V,V,V,V,V,V,V,V,V,V,V,V,V,V,V,V,V,V,V,V,V,V,V,V,V,V,V,V,V,V,V,V,V,V,46
17,24,19.5,V,V,V,V,V,V,V,V,V,V,V,V,V,V,V,V,V,V,V,V,V,V,V,V,V,V,V,V,V,V,V,V,V,V,V,V,V,V,46
17,25,20.0,V,V,V,V,V,V,V,V,V,V,V,V,V,V,V,V,V,V,V,V,V,V,V,V,V,V,V,V,V,V,V,V,V,V,V,V,V,V,V
17,26,20.5,V,V,V,V,V,V,V,V,V,V,V,V,V,V,V,V,V,V,V,V,V,V,V,V,V,V,V,V,V,V,V,V,V,V,V,V,V,V,V
18,1,8.0,108,116,283,V,V,V,V,V,V,V,V,V,159,V,V,V,V,V,V,V,V,V,121,V,V,V,V,V,121,V,V,V,V,V,V,V,V,40,40
18,2,8.5,108,116,283,V,V,V,V,V,V,V,V,V,159,V,V,V,V,V,V,V,V,V,121,V,V,V,V,V,121,V,V,V,V,V,V,V,V,40,40
18,3,9.0,108,116,283,V,V,V,V,V,V,V,V,V,159,V,V,V,V,V,V,V,V,V,121,V,V,V,V,V,121,V,V,V,V,V,V,V,V,40,40
18,4,9.5,108,116,283,V,V,V,V,V,V,V,V,V,159,V,V,V,V,V,V,V,V,V,121,V,V,V,V,V,121,V,V,V,V,V,V,V,V,40,40
18,5,10.0,108,116,283,V,V,V,V,V,V,V,V,V,159,V,V,V,V,V,V,V,V,V,121,V,V,V,V,V,121,V,V,V,V,V,V,V,V,40,40
18,6,10.5,108,116,283,V,V,V,V,V,V,V,V,V,159,V,V,V,V,V,V,V,V,V,121,V,V,V,V,V,121,V,V,V,V,V,V,V,V,40,40
18,7,11.0,108,116,283,V,V,V,V,V,V,V,V,V,159,V,V,V,V,V,V,V,V,V,121,V,V,V,V,V,121,V,V,V,V,V,V,V,V,40,40
18,8,11.5,108,116,283,V,V,V,V,V,V,V,V,V,159,V,V,V,V,V,V,V,V,V,121,V,V,V,V,V,121,V,V,V,V,V,V,V,V,40,40
18,9,12.0,V,V,V,V,V,V,V,V,V,V,V,V,V,V,V,V,V,V,V,V,V,V,V,V,V,V,V,V,V,224,V,V,V,V,V,V,V,V,224
18,10,12.5,V,V,V,V,V,V,V,V,V,V,V,V,V,V,V,V,V,V,V,V,V,V,V,V,V,V,V,V,V,224,V,V,V,V,V,V,V,V,224
18,11,13.0,V,V,V,V,V,V,V,V,V,V,V,V,V,V,V,V,V,V,V,V,V,V,V,V,V,V,V,V,V,224,V,V,V,V,V,V,V,V,224
18,12,13.5,V,V,V,V,V,V,V,V,V,V,V,V,V,V,V,V,V,V,V,V,V,V,V,V,V,V,V,V,V,224,V,V,V,V,V,V,V,V,224
18,13,14.0,V,V,V,V,V,V,V,V,V,V,V,V,V,V,V,V,V,V,V,V,V,V,V,V,V,V,V,V,V,224,V,V,V,V,V,V,V,V,224
18,14,14.5,V,V,V,V,V,V,V,V,V,V,V,V,V,V,V,V,V,V,V,V,V,V,V,V,V,V,V,V,V,224,V,V,V,V,V,V,V,V,224
18,15,15.0,V,V,V,V,V,V,V,V,V,V,V,V,V,V,V,V,V,V,V,V,V,V,V,V,V,V,V,V,V,V,V,V,V,V,V,V,V,V,88
18,16,15.5,V,V,V,V,V,V,V,V,V,V,V,V,V,V,V,V,V,V,V,V,V,V,V,V,V,V,V,V,V,V,V,V,V,V,V,V,V,V,88
18,17,16.0,V,V,V,V,V,V,V,V,V,V,V,V,V,V,V,V,V,V,V,V,V,V,V,V,V,V,V,V,V,V,V,V,V,V,V,V,V,V,88
18,18,16.5,V,V,V,V,V,V,V,V,V,V,V,V,V,V,V,V,V,V,V,V,V,V,V,V,V,V,V,V,V,V,V,V,V,V,V,V,V,V,88
18,19,17.0,V,V,V,V,V,V,V,V,V,V,V,V,V,V,V,V,V,V,V,V,V,V,V,V,V,V,V,V,V,V,V,V,V,V,V,V,V,V,88
18,20,17.5,V,V,V,V,V,V,V,V,V,V,V,V,V,V,V,V,V,V,V,V,V,V,V,V,V,V,V,V,V,V,V,V,V,V,V,V,V,V,88
18,21,18.0,V,V,V,V,V,V,V,V,V,V,V,V,V,V,V,V,V,V,V,V,V,V,V,V,V,V,V,V,V,V,V,V,V,V,V,V,V,V,88
18,22,18.5,V,V,V,V,V,V,V,V,V,V,V,V,V,V,V,V,V,V,V,V,V,V,V,V,V,V,V,V,V,V,V,V,V,V,V,V,V,V,88
18,23,19.0,V,V,V,V,V,V,V,V,V,V,V,V,V,V,V,V,V,V,V,V,V,V,V,V,V,V,V,V,V,V,V,V,V,V,V,V,V,V,72
18,24,19.5,V,V,V,V,V,V,V,V,V,V,V,V,V,V,V,V,V,V,V,V,V,V,V,V,V,V,V,V,V,V,V,V,V,V,V,V,V,V,72
18,25,20.0,V,V,V,V,V,V,V,V,V,V,V,V,V,V,V,V,V,V,V,V,V,V,V,V,V,V,V,V,V,V,V,V,V,V,V,V,V,V,72
18,26,20.5,V,V,V,V,V,V,V,V,V,V,V,V,V,V,V,V,V,V,V,V,V,V,V,V,V,V,V,V,V,V,V,V,V,V,V,V,V,V,72
19,1,8.0,V,V,V,V,V,V,V,V,V,V,V,V,V,V,V,V,V,268,280,V,V,V,V,V,V,V,V,268,V,V,V,V,V,209,226,V,131,268,209
19,2,8.5,V,V,V,V,V,V,V,V,V,V,V,V,V,V,V,V,V,268,280,V,V,V,V,V,V,V,V,268,V,V,V,V,V,209,226,V,131,268,209
19,3,9.0,V,V,V,V,V,V,V,V,V,V,V,V,V,V,V,V,V,268,280,V,V,V,V,V,V,V,V,268,V,V,V,V,V,209,226,V,131,268,209
19,4,9.5,V,V,V,V,V,V,V,V,V,V,V,V,V,V,V,V,V,268,280,V,V,V,V,V,V,V,V,268,V,V,V,V,V,209,226,V,131,268,209
19,5,10.0,V,V,V,V,V,V,V,V,V,V,V,V,V,V,V,V,V,268,280,V,V,V,V,V,V,V,V,268,V,V,V,V,V,209,226,V,131,268,209
19,6,10.5,V,V,V,V,V,V,V,V,V,V,V,V,V,V,V,V,V,268,280,V,V,V,V,V,V,V,V,268,V,V,V,V,V,209,226,V,131,268,209
19,7,11.0,V,V,V,V,V,V,V,V,V,V,V,V,V,V,V,V,V,268,280,V,V,V,V,V,V,V,V,268,V,V,V,V,V,209,226,V,V,268,209
19,8,11.5,V,V,V,V,V,V,V,V,V,V,V,V,V,V,V,V,V,268,280,V,V,V,V,V,V,V,V,268,V,V,V,V,V,209,226,V,V,268,209
19,9,12.0,V,V,V,V,V,V,V,V,V,V,V,V,V,V,V,V,V,V,V,V,V,V,V,V,V,V,157,V,V,V,V,V,V,V,107,V,V,221,157
19,10,12.5,V,V,V,V,V,V,V,V,V,V,V,V,V,V,V,V,V,V,V,V,V,V,V,V,V,V,157,V,V,V,V,V,V,V,107,V,V,221,157
19,11,13.0,V,V,V,V,V,V,V,V,V,V,V,V,V,V,V,V,V,V,V,V,V,V,V,V,V,V,157,V,V,V,V,V,V,V,107,V,V,221,157
19,12,13.5,V,V,V,V,V,V,V,V,V,V,V,V,V,V,V,V,V,V,V,V,V,V,V,V,V,V,157,V,V,V,V,V,V,V,107,V,V,221,157
19,13,14.0,V,V,V,V,V,V,V,V,V,V,V,V,V,V,V,V,V,V,V,V,V,V,V,V,V,V,157,V,V,V,V,V,V,V,107,V,V,221,157
19,14,14.5,V,V,V,V,V,V,V,V,V,V,V,V,V,V,V,V,V,V,V,V,V,V,V,V,V,V,157,V,V,V,V,V,V,V,107,V,V,221,157
19,15,15.0,V,V,V,V,V,V,V,V,V,V,V,V,V,V,V,V,V,V,V,V,V,V,V,V,V,V,157,V,V,V,V,V,V,V,107,V,V,221,157
19,16,15.5,V,V,V,V,V,V,V,V,V,V,V,V,V,V,V,V,V,V,V,V,V,V,V,V,V,V,157,V,V,V,V,V,V,V,107,V,V,221,157
19,17,16.0,V,V,V,V,V,V,V,V,V,V,V,V,V,V,V,V,V,V,V,V,V,V,V,V,V,V,V,V,V,V,V,V,V,V,V,V,V,200,200
19,18,16.5,V,V,V,V,V,V,V,V,V,V,V,V,V,V,V,V,V,V,V,V,V,V,V,V,V,V,V,V,V,V,V,V,V,V,V,V,V,200,200
19,19,17.0,V,V,V,V,V,V,V,V,V,V,V,V,V,V,V,V,V,V,V,V,V,V,V,V,V,V,V,V,V,V,V,V,V,V,V,V,V,200,200
19,20,17.5,V,V,V,V,V,V,V,V,V,V,V,V,V,V,V,V,V,V,V,V,V,V,V,V,V,V,V,V,V,V,V,V,V,V,V,V,V,200,200
19,21,18.0,V,V,V,V,V,V,V,V,V,V,V,V,V,V,V,V,V,V,V,V,V,V,V,V,V,V,V,V,V,V,V,V,V,V,V,V,V,200,200
19,22,18.5,V,V,V,V,V,V,V,V,V,V,V,V,V,V,V,V,V,V,V,V,V,V,V,V,V,V,V,V,V,V,V,V,V,V,V,V,V,200,200
19,23,19.0,V,V,V,V,V,V,V,V,V,V,V,V,V,V,V,V,V,V,V,V,V,V,V,V,V,V,V,V,V,V,V,V,V,V,V,V,V,200,200
19,24,19.5,V,V,V,V,V,V,V,V,V,V,V,V,V,V,V,V,V,V,V,V,V,V,V,V,V,V,V,V,V,V,V,V,V,V,V,V,V,200,200
19,25,20.0,V,V,V,V,V,V,V,V,V,V,V,V,V,V,V,V,V,V,V,V,V,V,V,V,V,V,V,V,V,V,V,V,V,V,V,V,V,V,V
19,26,20.5,V,V,V,V,V,V,V,V,V,V,V,V,V,V,V,V,V,V,V,V,V,V,V,V,V,V,V,V,V,V,V,V,V,V,V,V,V,V,V
20,1,8.0,235,V,V,V,V,V,V,V,V,V,V,V,24,V,V,V,V,V,V,V,V,V,V,230,V,V,V,V,V,263,V,V,V,V,63,219,264,219,235
20,2,8.5,235,V,V,V,V,V,V,V,V,V,V,V,24,V,V,V,V,V,V,V,V,V,V,230,V,V,V,V,V,263,V,V,V,V,63,219,264,219,235
20,3,9.0,235,V,V,V,V,V,V,V,V,V,V,V,24,V,V,V,V,V,V,V,V,V,V,230,V,V,V,V,V,263,V,V,V,V,63,219,264,219,235
20,4,9.5,235,V,V,V,V,V,V,V,V,V,V,V,24,V,V,V,V,V,V,V,V,V,V,230,V,V,V,V,V,263,V,V,V,V,63,219,264,219,235
20,5,10.0,235,V,V,V,V,V,V,V,V,V,V,V,24,V,V,V,V,V,V,V,V,V,V,230,V,V,V,V,V,263,V,V,V,V,63,219,264,219,235
20,6,10.5,235,V,V,V,V,V,V,V,V,V,V,V,24,V,V,V,V,V,V,V,V,V,V,230,V,V,V,V,V,263,V,V,V,V,63,219,264,219,235
20,7,11.0,235,V,V,V,V,V,V,V,V,V,V,V,V,V,V,V,V,V,V,V,V,V,V,230,V,V,V,V,V,263,V,V,V,V,63,219,264,219,235
20,8,11.5,235,V,V,V,V,V,V,V,V,V,V,V,V,V,V,V,V,V,V,V,V,V,V,230,V,V,V,V,V,263,V,V,V,V,63,219,264,219,235
20,9,12.0,V,V,V,V,V,V,V,V,V,V,V,V,V,V,V,V,V,V,V,V,V,V,V,V,V,V,V,V,V,V,73,V,V,V,102,V,V,93,73
20,10,12.5,V,V,V,V,V,V,V,V,V,V,V,V,V,V,V,V,V,V,V,V,V,V,V,V,V,V,V,V,V,V,73,V,V,V,102,V,V,93,73
20,11,13.0,V,V,V,V,V,V,V,V,V,V,V,V,V,V,V,V,V,V,V,V,V,V,V,V,V,V,V,V,V,V,73,V,V,V,102,V,V,93,73
20,12,13.5,V,V,V,V,V,V,V,V,V,V,V,V,V,V,V,V,V,V,V,V,V,V,V,V,V,V,V,V,V,V,73,V,V,V,102,V,V,93,73
20,13,14.0,V,V,V,V,V,V,V,V,V,V,V,V,V,V,V,V,V,V,V,V,V,V,V,V,V,V,V,V,V,V,73,V,V,V,102,V,V,93,73
20,14,14.5,V,V,V,V,V,V,V,V,V,V,V,V,V,V,V,V,V,V,V,V,V,V,V,V,V,V,V,V,V,V,73,V,V,V,102,V,V,93,73
20,15,15.0,V,V,V,V,V,V,V,V,V,V,V,V,V,V,V,V,V,V,V,V,V,V,V,V,V,V,V,V,V,V,73,V,V,V,102,V,V,93,73
20,16,15.5,V,V,V,V,V,V,V,V,V,V,V,V,V,V,V,V,V,V,V,V,V,V,V,V,V,V,V,V,V,V,73,V,V,V,102,V,V,93,73
20,17,16.0,V,V,V,V,V,V,V,V,V,V,V,V,V,V,V,V,V,V,V,V,V,V,V,V,V,V,V,V,V,V,V,V,V,V,V,V,252,96,252
20,18,16.5,V,V,V,V,V,V,V,V,V,V,V,V,V,V,V,V,V,V,V,V,V,V,V,V,V,V,V,V,V,V,V,V,V,V,V,V,252,96,252
20,19,17.0,V,V,V,V,V,V,V,V,V,V,V,V,V,V,V,V,V,V,V,V,V,V,V,V,V,V,V,V,V,V,V,V,V,V,V,V,252,96,252
20,20,17.5,V,V,V,V,V,V,V,V,V,V,V,V,V,V,V,V,V,V,V,V,V,V,V,V,V,V,V,V,V,V,V,V,V,V,V,V,252,96,252
20,21,18.0,V,V,V,V,V,V,V,V,V,V,V,V,V,V,V,V,V,V,V,V,V,V,V,V,V,V,V,V,V,V,V,V,V,V,V,V,252,96,252
20,22,18.5,V,V,V,V,V,V,V,V,V,V,V,V,V,V,V,V,V,V,V,V,V,V,V,V,V,V,V,V,V,V,V,V,V,V,V,V,252,96,252
20,23,19.0,V,V,V,V,V,V,V,V,V,V,V,V,V,V,V,V,V,V,V,V,V,V,V,V,V,V,V,V,V,V,V,V,V,V,V,V,252,110,252
20,24,19.5,V,V,V,V,V,V,V,V,V,V,V,V,V,V,V,V,V,V,V,V,V,V,V,V,V,V,V,V,V,V,V,V,V,V,V,V,252,110,252
20,25,20.0,V,V,V,V,V,V,V,V,V,V,V,V,V,V,V,V,V,V,V,V,V,V,V,V,V,V,V,V,V,V,V,V,V,V,V,V,V,110,V
20,26,20.5,V,V,V,V,V,V,V,V,V,V,V,V,V,V,V,V,V,V,V,V,V,V,V,V,V,V,V,V,V,V,V,V,V,V,V,V,V,110,V
21,1,8.0,190,132,20,241,240,V,V,V,V,V,V,V,V,V,V,V,V,V,V,V,V,V,V,V,261,V,V,V,V,V,V,V,V,V,179,V,21,V,179
21,2,8.5,190,132,20,241,240,V,V,V,V,V,V,V,V,V,V,V,V,V,V,V,V,V,V,V,261,V,V,V,V,V,V,V,V,V,179,V,21,V,179
21,3,9.0,190,132,20,241,240,V,V,V,V,V,V,V,V,V,V,V,V,V,V,V,V,V,V,V,261,V,V,V,V,V,V,V,V,V,179,V,21,V,179
21,4,9.5,190,132,20,241,240,V,V,V,V,V,V,V,V,V,V,V,V,V,V,V,V,V,V,V,261,V,V,V,V,V,V,V,V,V,179,V,21,V,179
21,5,10.0,190,132,20,241,240,V,V,V,V,V,V,V,V,V,V,V,V,V,V,V,V,V,V,V,261,V,V,V,V,V,V,V,V,V,179,V,21,V,179
21,6,10.5,190,132,20,241,240,V,V,V,V,V,V,V,V,V,V,V,V,V,V,V,V,V,V,V,261,V,V,V,V,V,V,V,V,V,179,V,21,V,179
21,7,11.0,190,132,20,241,240,V,V,V,V,V,V,V,V,V,V,V,V,V,V,V,V,V,V,V,261,V,V,V,V,V,V,V,V,V,179,V,V,V,179
21,8,11.5,190,132,20,241,240,V,V,V,V,V,V,V,V,V,V,V,V,V,V,V,V,V,V,V,261,V,V,V,V,V,V,V,V,V,179,V,V,V,179
21,9,12.0,V,V,V,V,V,V,V,V,V,V,V,V,V,V,V,V,V,V,V,V,V,V,V,V,V,V,V,V,V,V,V,V,V,V,V,V,V,V,91
21,10,12.5,V,V,V,V,V,V,V,V,V,V,V,V,V,V,V,V,V,V,V,V,V,V,V,V,V,V,V,V,V,V,V,V,V,V,V,V,V,V,91
21,11,13.0,V,V,V,V,V,V,V,V,V,V,V,V,V,V,V,V,V,V,V,V,V,V,V,V,V,V,V,V,V,V,V,V,V,V,V,V,V,V,91
21,12,13.5,V,V,V,V,V,V,V,V,V,V,V,V,V,V,V,V,V,V,V,V,V,V,V,V,V,V,V,V,V,V,V,V,V,V,V,V,V,V,91
21,13,14.0,V,V,V,V,V,V,V,V,V,V,V,V,V,V,V,V,V,V,V,V,V,V,V,V,V,V,V,V,V,V,V,V,V,V,V,V,V,V,91
21,14,14.5,V,V,V,V,V,V,V,V,V,V,V,V,V,V,V,V,V,V,V,V,V,V,V,V,V,V,V,V,V,V,V,V,V,V,V,V,V,V,91
21,15,15.0,V,V,V,V,V,V,V,V,V,V,V,V,V,V,V,V,V,V,V,V,V,V,V,V,V,V,V,V,V,V,V,V,V,V,V,V,V,V,91
21,16,15.5,V,V,V,V,V,V,V,V,V,V,V,V,V,V,V,V,V,V,V,V,V,V,V,V,V,V,V,V,V,V,V,V,V,V,V,V,V,V,91
21,17,16.0,V,V,V,V,V,V,V,V,V,V,V,V,V,V,V,V,V,V,V,V,V,V,V,V,V,V,V,V,V,V,V,V,V,V,V,V,V,V,103
21,18,16.5,V,V,V,V,V,V,V,V,V,V,V,V,V,V,V,V,V,V,V,V,V,V,V,V,V,V,V,V,V,V,V,V,V,V,V,V,V,V,103
21,19,17.0,V,V,V,V,V,V,V,V,V,V,V,V,V,V,V,V,V,V,V,V,V,V,V,V,V,V,V,V,V,V,V,V,V,V,V,V,V,V,103
21,20,17.5,V,V,V,V,V,V,V,V,V,V,V,V,V,V,V,V,V,V,V,V,V,V,V,V,V,V,V,V,V,V,V,V,V,V,V,V,V,V,103
21,21,18.0,V,V,V,V,V,V,V,V,V,V,V,V,V,V,V,V,V,V,V,V,V,V,V,V,V,V,V,V,V,V,V,V,V,V,V,V,V,V,103
21,22,18.5,V,V,V,V,V,V,V,V,V,V,V,V,V,V,V,V,V,V,V,V,V,V,V,V,V,V,V,V,V,V,V,V,V,V,V,V,V,V,103
21,23,19.0,V,V,V,V,V,V,V,V,V,V,V,V,V,V,V,V,V,V,V,V,V,V,V,V,V,V,V,V,V,V,V,V,V,V,V,V,V,V,103
21,24,19.5,V,V,V,V,V,V,V,V,V,V,V,V,V,V,V,V,V,V,V,V,V,V,V,V,V,V,V,V,V,V,V,V,V,V,V,V,V,V,103
21,25,20.0,V,V,V,V,V,V,V,V,V,V,V,V,V,V,V,V,V,V,V,V,V,V,V,V,V,V,V,V,V,V,V,V,V,V,V,V,V,V,V
21,26,20.5,V,V,V,V,V,V,V,V,V,V,V,V,V,V,V,V,V,V,V,V,V,V,V,V,V,V,V,V,V,V,V,V,V,V,V,V,V,V,V
22,1,8.0,39,136,180,76,248,V,V,V,V,V,V,242,V,V,V,V,V,V,V,V,V,V,V,V,V,V,242,V,V,228,V,V,V,V,V,V,34,216,39
22,2,8.5,39,136,180,76,248,V,V,V,V,V,V,242,V,V,V,V,V,V,V,V,V,V,V,V,V,V,242,V,V,228,V,V,V,V,V,V,34,216,39
22,3,9.0,39,136,180,76,248,V,V,V,V,V,V,242,V,V,V,V,V,V,V,V,V,V,V,V,V,V,242,V,V,228,V,V,V,V,V,V,34,216,39
22,4,9.5,39,136,180,76,248,V,V,V,V,V,V,242,V,V,V,V,V,V,V,V,V,V,V,V,V,V,242,V,V,228,V,V,V,V,V,V,34,216,39
22,5,10.0,39,136,180,76,248,V,V,V,V,V,V,242,V,V,V,V,V,V,V,V,V,V,V,V,V,V,242,V,V,228,V,V,V,V,V,V,34,V,39
22,6,10.5,39,136,180,76,248,V,V,V,V,V,V,242,V,V,V,V,V,V,V,V,V,V,V,V,V,V,242,V,V,228,V,V,V,V,V,V,34,V,39
22,7,11.0,V,136,180,76,248,V,V,V,V,V,V,242,V,V,V,V,V,V,V,V,V,V,V,V,V,V,242,V,V,228,V,V,V,V,V,V,V,V,160
22,8,11.5,V,136,180,76,248,V,V,V,V,V,V,242,V,V,V,V,V,V,V,V,V,V,V,V,V,V,242,V,V,V,V,V,V,V,V,V,V,V,160
22,9,12.0,V,V,V,V,V,V,V,V,V,V,V,V,V,V,V,V,V,V,V,V,V,V,V,V,V,V,V,V,V,V,V,V,V,V,V,V,V,V,160
22,10,12.5,V,V,V,V,V,V,V,V,V,V,V,V,V,V,V,V,V,V,V,V,V,V,V,V,V,V,V,V,V,V,V,V,V,V,V,V,V,V,160
22,11,13.0,V,V,V,V,V,V,V,V,V,V,V,V,V,V,V,V,V,V,V,V,V,V,V,V,V,V,V,V,V,V,V,V,V,V,V,V,V,V,160
22,12,13.5,V,V,V,V,V,V,V,V,V,V,V,V,V,V,V,V,V,V,V,V,V,V,V,V,V,V,V,V,V,V,V,V,V,V,V,V,V,V,160
22,13,14.0,V,V,V,V,V,V,V,V,V,V,V,V,V,V,V,V,V,V,V,V,V,V,V,V,V,V,V,V,V,V,V,V,V,V,V,V,V,V,160
22,14,14.5,V,V,V,V,V,V,V,V,V,V,V,V,V,V,V,V,V,V,V,V,V,V,V,V,V,V,V,V,V,V,V,V,V,V,V,V,V,V,160
22,15,15.0,V,V,V,V,V,V,V,V,V,V,V,V,V,V,V,V,V,V,V,V,V,V,V,V,V,V,V,V,V,V,V,V,V,V,V,V,V,V,185
22,16,15.5,V,V,V,V,V,V,V,V,V,V,V,V,V,V,V,V,V,V,V,V,V,V,V,V,V,V,V,V,V,V,V,V,V,V,V,V,V,V,185
22,17,16.0,V,V,V,V,V,V,V,V,V,V,V,V,V,V,V,V,V,V,V,V,V,V,V,V,V,V,V,V,V,V,V,V,V,V,V,V,V,V,185
22,18,16.5,V,V,V,V,V,V,V,V,V,V,V,V,V,V,V,V,V,V,V,V,V,V,V,V,V,V,V,V,V,V,V,V,V,V,V,V,V,V,185
22,19,17.0,V,V,V,V,V,V,V,V,V,V,V,V,V,V,V,V,V,V,V,V,V,V,V,V,V,V,V,V,V,V,V,V,V,V,V,V,V,V,185
22,20,17.5,V,V,V,V,V,V,V,V,V,V,V,V,V,V,V,V,V,V,V,V,V,V,V,V,V,V,V,V,V,V,V,V,V,V,V,V,V,V,185
22,21,18.0,V,V,V,V,V,V,V,V,V,V,V,V,V,V,V,V,V,V,V,V,V,V,V,V,V,V,V,V,V,V,V,V,V,V,V,V,V,V,185
22,22,18.5,V,V,V,V,V,V,V,V,V,V,V,V,V,V,V,V,V,V,V,V,V,V,V,V,V,V,V,V,V,V,V,V,V,V,V,V,V,V,185
22,23,19.0,V,V,V,V,V,V,V,V,V,V,V,V,V,V,V,V,V,V,V,V,V,V,V,V,V,V,V,V,V,V,V,V,V,V,V,V,V,V,197
22,24,19.5,V,V,V,V,V,V,V,V,V,V,V,V,V,V,V,V,V,V,V,V,V,V,V,V,V,V,V,V,V,V,V,V,V,V,V,V,V,V,197
22,25,20.0,V,V,V,V,V,V,V,V,V,V,V,V,V,V,V,V,V,V,V,V,V,V,V,V,V,V,V,V,V,V,V,V,V,V,V,V,V,V,197
22,26,20.5,V,V,V,V,V,V,V,V,V,V,V,V,V,V,V,V,V,V,V,V,V,V,V,V,V,V,V,V,V,V,V,V,V,V,V,V,V,V,197
23,1,8.0,172,172,V,172,V,V,V,V,V,V,285,V,207,V,V,V,V,V,V,V,V,V,V,V,V,V,V,285,V,V,54,V,V,V,V,V,124,143,172
23,2,8.5,172,172,V,172,V,V,V,V,V,V,285,V,207,V,V,V,V,V,V,V,V,V,V,V,V,V,V,285,V,V,54,V,V,V,V,V,124,143,172
23,3,9.0,172,172,V,172,V,V,V,V,V,V,285,V,207,V,V,V,V,V,V,V,V,V,V,V,V,V,V,285,V,V,54,V,V,V,V,V,124,143,172
23,4,9.5,172,172,V,172,V,V,V,V,V,V,285,V,207,V,V,V,V,V,V,V,V,V,V,V,V,V,V,285,V,V,54,V,V,V,V,V,124,143,172
23,5,10.0,172,172,V,172,V,V,V,V,V,V,285,V,207,V,V,V,V,V,V,V,V,V,V,V,V,V,V,285,V,V,54,V,V,V,V,V,124,143,172
23,6,10.5,172,172,V,172,V,V,V,V,V,V,285,V,207,V,V,V,V,V,V,V,V,V,V,V,V,V,V,285,V,V,54,V,V,V,V,V,124,143,172
23,7,11.0,V,V,V,V,V,V,V,V,V,V,V,V,1,V,V,V,V,V,V,V,V,V,V,V,V,V,V,V,V,V,54,V,V,V,137,V,124,143,137
23,8,11.5,V,V,V,V,V,V,V,V,V,V,V,V,1,V,V,V,V,V,V,V,V,V,V,V,V,V,V,V,V,V,54,V,V,V,137,V,124,143,137
23,9,12.0,V,V,V,V,V,V,V,V,V,V,V,V,1,V,V,V,V,V,V,V,V,V,V,V,V,V,V,V,V,V,V,V,V,V,137,V,V,43,137
23,10,12.5,V,V,V,V,V,V,V,V,V,V,V,V,1,V,V,V,V,V,V,V,V,V,V,V,V,V,V,V,V,V,V,V,V,V,137,V,V,43,137
23,11,13.0,V,V,V,V,V,V,V,V,V,V,V,V,1,V,V,V,V,V,V,V,V,V,V,V,V,V,V,V,V,V,V,V,V,V,137,V,V,43,137
23,12,13.5,V,V,V,V,V,V,V,V,V,V,V,V,1,V,V,V,V,V,V,V,V,V,V,V,V,V,V,V,V,V,V,V,V,V,137,V,V,43,137
23,13,14.0,V,V,V,V,V,V,V,V,V,V,V,V,V,V,V,V,V,V,V,V,V,V,V,V,V,V,V,V,V,V,V,V,V,V,137,V,V,43,137
23,14,14.5,V,V,V,V,V,V,V,V,V,V,V,V,V,V,V,V,V,V,V,V,V,V,V,V,V,V,V,V,V,V,V,V,V,V,137,V,V,43,137
23,15,15.0,225,V,V,V,V,V,V,V,V,V,V,V,V,V,V,V,V,V,V,V,V,V,V,V,254,V,V,V,V,V,V,V,V,V,225,V,V,43,254
23,16,15.5,225,V,V,V,V,V,V,V,V,V,V,V,V,V,V,V,V,V,V,V,V,V,V,V,254,V,V,V,V,V,V,V,V,V,225,V,V,43,254
23,17,16.0,225,V,V,V,V,V,V,V,V,V,V,V,V,V,V,V,V,V,V,V,V,V,V,V,254,V,V,V,V,V,V,V,V,V,225,V,V,122,254
23,18,16.5,225,V,V,V,V,V,V,V,V,V,V,V,V,V,V,V,V,V,V,V,V,V,V,V,254,V,V,V,V,V,V,V,V,V,225,V,V,122,254
23,19,17.0,225,V,V,V,V,V,V,V,V,V,V,V,V,V,V,V,V,V,V,V,V,V,V,V,254,V,V,V,V,V,V,V,V,V,225,V,V,122,254
23,20,17.5,225,V,V,V,V,V,V,V,V,V,V,V,V,V,V,V,V,V,V,V,V,V,V,V,254,V,V,V,V,V,V,V,V,V,225,V,V,122,254
23,21,18.0,225,V,V,V,V,V,V,V,V,V,V,V,V,V,V,V,V,V,V,V,V,V,V,V,254,V,V,V,V,V,V,V,V,V,225,V,V,122,254
23,22,18.5,225,V,V,V,V,V,V,V,V,V,V,V,V,V,V,V,V,V,V,V,V,V,V,V,254,V,V,V,V,V,V,V,V,V,225,V,V,122,254
23,23,19.0,V,V,V,V,V,V,V,V,V,V,V,V,V,V,V,V,V,V,V,V,V,V,V,V,V,V,V,V,V,V,V,V,V,V,V,V,V,122,151
23,24,19.5,V,V,V,V,V,V,V,V,V,V,V,V,V,V,V,V,V,V,V,V,V,V,V,V,V,V,V,V,V,V,V,V,V,V,V,V,V,122,151
23,25,20.0,V,V,V,V,V,V,V,V,V,V,V,V,V,V,V,V,V,V,V,V,V,V,V,V,V,V,V,V,V,V,V,V,V,V,V,V,V,V,151
23,26,20.5,V,V,V,V,V,V,V,V,V,V,V,V,V,V,V,V,V,V,V,V,V,V,V,V,V,V,V,V,V,V,V,V,V,V,V,V,V,V,151
24,1,8.0,135,52,V,52,V,135,V,V,V,V,V,V,V,V,V,V,V,V,201,V,158,178,V,V,V,117,V,V,V,V,V,V,V,166,161,259,177,201,52
24,2,8.5,135,52,V,52,V,135,V,V,V,V,V,V,V,V,V,V,V,V,201,V,158,178,V,V,V,117,V,V,V,V,V,V,V,166,161,259,177,201,52
24,3,9.0,135,52,V,52,V,135,V,V,V,V,V,V,V,V,V,V,V,V,201,V,158,178,V,V,V,117,V,V,V,V,V,V,V,166,161,259,177,201,52
24,4,9.5,135,52,V,52,V,135,V,V,V,V,V,V,V,V,V,V,V,V,201,V,158,178,V,V,V,117,V,V,V,V,V,V,V,166,161,259,177,201,52
24,5,10.0,135,52,V,52,V,135,V,V,V,V,V,V,V,V,V,V,V,V,201,V,V,178,V,V,V,117,V,V,V,V,V,V,V,166,161,259,177,201,52
24,6,10.5,135,52,V,52,V,135,V,V,V,V,V,V,V,V,V,V,V,V,201,V,V,178,V,V,V,117,V,V,V,V,V,V,V,166,161,259,177,201,52
24,7,11.0,135,52,V,52,V,135,V,V,V,V,V,V,V,V,V,V,V,V,201,V,V,V,V,V,V,117,V,V,V,V,V,V,V,166,161,259,177,201,52
24,8,11.5,135,52,V,52,V,135,V,V,V,V,V,V,V,V,V,V,V,V,201,V,V,V,V,V,V,117,V,V,V,V,V,V,V,166,161,259,177,201,52
24,9,12.0,81,V,V,V,V,V,V,V,V,V,V,V,V,V,V,V,V,V,V,V,V,V,V,V,V,118,V,V,V,81,V,141,V,141,41,V,75,81,81
24,10,12.5,81,V,V,V,V,V,V,V,V,V,V,V,V,V,V,V,V,V,V,V,V,V,V,V,V,118,V,V,V,81,V,141,V,141,41,V,75,81,81
24,11,13.0,81,V,V,V,V,V,V,V,V,V,V,V,V,V,V,V,V,V,V,V,V,V,V,V,V,118,V,V,V,81,V,141,V,141,41,V,75,81,81
24,12,13.5,81,V,V,V,V,V,V,V,V,V,V,V,V,V,V,V,V,V,V,V,V,V,V,V,V,118,V,V,V,81,V,141,V,141,41,V,75,81,81
24,13,14.0,81,V,V,V,V,V,V,V,V,V,V,V,V,V,V,V,V,V,V,V,V,V,V,V,V,118,V,V,V,81,V,141,V,141,41,V,75,81,81
24,14,14.5,81,V,V,V,V,V,V,V,V,V,V,V,V,V,V,V,V,V,V,V,V,V,V,V,V,118,V,V,V,81,V,141,V,141,41,V,75,81,81
24,15,15.0,81,V,V,V,V,V,V,V,V,V,V,V,V,V,V,V,V,V,V,V,V,V,V,V,V,118,V,V,V,81,V,141,V,141,41,V,75,81,81
24,16,15.5,206,V,V,V,V,V,V,V,V,V,V,V,V,V,V,V,V,V,V,V,V,V,V,V,V,118,V,V,V,V,V,141,V,141,41,V,75,169,206
24,17,16.0,206,V,V,V,V,V,V,V,V,V,V,V,V,V,V,V,V,V,V,V,V,V,V,V,V,V,V,V,V,V,V,V,V,87,260,V,279,169,206
24,18,16.5,206,V,V,V,V,V,V,V,V,V,V,V,V,V,V,V,V,V,V,V,V,V,V,V,V,V,V,V,V,V,V,V,V,87,260,V,279,169,206
24,19,17.0,206,V,V,V,V,V,V,V,V,V,V,V,V,V,V,V,V,V,V,V,V,V,V,V,V,V,V,V,V,V,V,V,V,87,260,V,279,169,206
24,20,17.5,206,V,V,V,V,V,V,V,V,V,V,V,V,V,V,V,V,V,V,V,V,V,V,V,V,V,V,V,V,V,V,V,V,87,260,V,279,169,206
24,21,18.0,206,V,V,V,V,V,V,V,V,V,V,V,V,V,V,V,V,V,V,V,V,V,V,V,V,V,V,V,V,V,V,V,V,87,260,V,279,169,206
24,22,18.5,61,V,V,V,V,V,V,V,V,V,V,V,V,V,V,V,V,V,V,V,V,V,V,V,V,V,V,V,V,V,V,V,V,87,260,V,279,61,61
24,23,19.0,61,V,V,V,V,V,V,V,V,V,V,V,V,V,V,V,V,V,V,V,V,V,V,V,V,V,V,V,V,V,V,V,V,V,260,V,279,61,61
24,24,19.5,61,V,V,V,V,V,V,V,V,V,V,V,V,V,V,V,V,V,V,V,V,V,V,V,V,V,V,V,V,V,V,V,V,V,260,V,V,61,61
24,25,20.0,61,V,V,V,V,V,V,V,V,V,V,V,V,V,V,V,V,V,V,V,V,V,V,V,V,V,V,V,V,V,V,V,V,V,V,V,V,61,61
24,26,20.5,61,V,V,V,V,V,V,V,V,V,V,V,V,V,V,V,V,V,V,V,V,V,V,V,V,V,V,V,V,V,V,V,V,V,V,V,V,61,61
25,1,8.0,176,V,V,V,V,V,173,V,66,V,V,V,V,V,V,V,V,V,V,176,V,V,V,V,V,77,269,V,V,173,V,V,V,57,173,V,233,170,171
25,2,8.5,176,V,V,V,V,V,173,V,66,V,V,V,V,V,V,V,V,V,V,176,V,V,V,V,V,77,269,V,V,173,V,V,V,57,173,V,233,170,171
25,3,9.0,176,V,V,V,V,V,173,V,66,V,V,V,V,V,V,V,V,V,V,176,V,V,V,V,V,77,269,V,V,173,V,V,V,57,173,V,233,170,171
25,4,9.5,176,V,V,V,V,V,173,V,66,V,V,V,V,V,V,V,V,V,V,176,V,V,V,V,V,77,269,V,V,173,V,V,V,57,173,V,233,170,171
25,5,10.0,176,V,V,V,V,V,173,V,66,V,V,V,V,V,V,V,V,V,V,176,V,V,V,V,V,77,269,V,V,173,V,V,V,57,173,V,233,170,171
25,6,10.5,176,V,V,V,V,V,173,V,66,V,V,V,V,V,V,V,V,V,V,176,V,V,V,V,V,77,269,V,V,173,V,V,V,57,173,V,233,170,171
25,7,11.0,176,V,V,V,V,V,V,V,V,V,V,V,V,V,V,V,V,V,V,176,V,V,V,V,V,77,269,V,V,6,V,V,V,V,0,V,233,0,6
25,8,11.5,176,V,V,V,V,V,V,V,V,V,V,V,V,V,V,V,V,V,V,176,V,V,V,V,V,77,269,V,V,6,V,V,V,V,0,V,233,0,6
25,9,12.0,146,V,V,V,V,V,V,V,V,V,V,V,V,V,V,V,V,V,V,V,V,V,V,V,V,281,V,V,V,6,V,V,V,V,0,V,144,0,6
25,10,12.5,146,V,V,V,V,V,V,V,V,V,V,V,V,V,V,V,V,V,V,V,V,V,V,V,V,281,V,V,V,6,V,V,V,V,0,V,144,0,6
25,11,13.0,146,V,V,V,V,V,V,V,V,V,V,V,V,V,V,V,V,V,V,V,V,V,V,V,V,281,V,V,V,6,V,V,V,V,0,V,144,0,6
25,12,13.5,146,V,V,V,V,V,V,V,V,V,V,V,V,V,V,V,V,V,V,V,V,V,V,V,V,281,V,V,V,6,V,V,V,V,0,V,144,0,6
25,13,14.0,146,V,V,V,V,V,V,V,V,V,V,V,V,V,V,V,V,V,V,V,V,V,V,V,V,281,V,V,V,6,V,V,V,V,0,V,144,0,6
25,14,14.5,146,V,V,V,V,V,V,V,V,V,V,V,V,V,V,V,V,V,V,V,V,V,V,V,V,281,V,V,V,6,V,V,V,V,26,V,144,V,6
25,15,15.0,146,V,V,V,V,V,V,V,V,V,V,V,V,V,V,V,V,V,V,V,V,V,V,V,V,281,V,V,V,V,V,V,V,V,26,V,144,140,140
25,16,15.5,V,V,V,V,V,V,V,V,V,V,V,V,V,V,V,V,V,V,V,V,V,V,V,V,V,281,V,V,V,V,V,V,V,V,26,V,60,140,140
25,17,16.0,V,V,V,V,V,V,V,V,V,V,V,V,V,V,V,V,V,V,V,V,V,V,V,V,V,V,V,V,V,V,V,V,V,V,26,V,60,140,140
25,18,16.5,V,V,V,V,V,V,V,V,V,V,V,V,V,V,V,V,V,V,V,V,V,V,V,V,V,V,V,V,V,V,V,V,V,V,26,V,60,140,140
25,19,17.0,V,V,V,V,V,V,V,V,V,V,V,V,V,V,V,V,V,V,V,V,V,V,V,V,V,V,V,V,V,V,V,V,V,V,26,V,60,140,140
25,20,17.5,V,V,V,V,V,V,V,V,V,V,V,V,V,V,V,V,V,V,V,V,V,V,V,V,V,V,V,V,V,V,V,V,V,V,26,V,60,140,140
25,21,18.0,V,V,V,V,V,V,V,V,V,V,V,V,V,V,V,V,V,V,V,V,V,V,V,V,V,V,V,V,V,V,V,V,V,V,26,V,60,140,140
25,22,18.5,V,V,V,V,V,V,V,V,V,V,V,V,V,V,V,V,V,V,V,V,V,V,V,V,V,V,V,V,V,V,V,V,V,V,V,V,V,140,140
25,23,19.0,V,V,V,V,V,V,V,V,V,V,V,V,V,V,V,V,V,V,V,V,V,V,V,V,V,V,V,V,V,V,V,V,V,V,V,V,V,V,275
25,24,19.5,V,V,V,V,V,V,V,V,V,V,V,V,V,V,V,V,V,V,V,V,V,V,V,V,V,V,V,V,V,V,V,V,V,V,V,V,V,V,275
25,25,20.0,V,V,V,V,V,V,V,V,V,V,V,V,V,V,V,V,V,V,V,V,V,V,V,V,V,V,V,V,V,V,V,V,V,V,V,V,V,V,275
25,26,20.5,V,V,V,V,V,V,V,V,V,V,V,V,V,V,V,V,V,V,V,V,V,V,V,V,V,V,V,V,V,V,V,V,V,V,V,V,V,V,275
